﻿<?xml version="1.0" encoding="utf-8" standalone="no"?>
<!--Song content-->
<chords>
  <add>
    <artist id="MiyaGi &amp; Эндшпиль" l="M">
      <track id="Там где рассвет">&gt;Cm Gm Fm Gm

Припев:
&gt;Cm
Там где рассвет, заката нет
&gt;Gm
Лучами солнца передам привет
&gt;Fm
Там где нас нет, печали свет
&gt;Gm
А мне бы лишь услышать твой голос в ответ

&gt;Cm
Позволь с тобой рядом быть мне
&gt;Gm
Море любви не переплыть нет
&gt;Fm
Либо тонуть, либо летать
&gt;Gm
лишь бы тебя в нем не потерять

позволь тебя крыльями неба обнять
замедли время пока будем мечтать
я растворюсь как туман вдалеке
мысли убьют раста я ни е

холодом пропитана душа
давно по тебе ливнями плачет она
шепотом кричит умоляя зовет
по тебе одной тоскует и ждет

холодом пропитана душа
давно по тебе ливнями плачет она
шепотом кричит умоляя зовет
тоскует и ждет

Припев (2р):
Там где рассвет, заката нет
Лучами солнца передам привет
Там где нас нет, печали свет
А мне бы лишь услышать твой голос в ответ 

Мечты поделили на молекулы любви
разделили берегами зачеркнули время мы
то что было всё прошло, без тебя мне холод
сделали с тобой работу над ошибками

любовью связаны мы, любовью повязаны мы
и полетим с тобою в нужном направлении

холодом пропитана душа
давно по тебе ливнями плачет она
шепотом кричит умоляя зовет
по тебе одной тоскует и ждет

холодом пропитана душа
давно по тебе ливнями плачет она
шепотом кричит умоляя зовет
тоскует и ждет

Припев (2р):
Там где рассвет, заката нет
Лучами солнца передам привет
Там где нас нет, печали свет
А мне бы лишь услышать твой голос в ответ

холодом пропитана душа
давно по тебе ливнями плачет она
шепотом кричит умоляя зовет
тоскует и ждет

холодом пропитана душа
давно по тебе ливнями плачет она
шепотом кричит умоляя зовет
тоскует и ждет

Припев (2р):
Там где рассвет, заката нет
Лучами солнца передам привет
Там где нас нет, печали свет
А мне бы лишь услышать твой голос в ответ</track>
    </artist>
    <artist id="Noize MC" l="N">
      <track id="Зелёный - мой любимый цвет">&gt;Am F  
У меня есть три футболки, две гитары, пара кед 
&gt;G                                            D
И песен где-то под сорокет на болванке в рюкзаке
&gt;F
Я тебе их запишу и подпишу там в уголке 
&gt;G
Свой дурацкий псевдоним за иностранном языке 

&gt;D
У меня есть хитрый план под гитару тебе спеть,
&gt;G
Затащить тебя в постель,
&gt;F
Завести с тобой детей 
&gt;C    G
И прожить с тобой всю жизнь
Соглашайся, не робей

&gt;Am                                              G             D
Я беру тебя с собой в тыщу разных городов, в тамбуры всех поездов, 
&gt;F
На плацкарты и в СВ и в наш загородный дом, 
&gt;C             G
Что пока что не готов, но он будет стопудов. 
&gt;Am                 E
И будут вписки с раскладушками в однушках, 
&gt;G      D 
Будут люксы, где три комнаты и два душа, 
&gt;F
Будут южные пляжы, будет полярная стужа, много чего будет, 
&gt;C G
Ты будешь моей женой - я буду твоим мужем.

Припев:
&gt;Am    E                    G
Весь мой смысл в твоих глазах. 
&gt;D
Когда я вижу его - мне нравится, 
&gt;F
Плюс зелёный - мой любимый цвет, 
&gt;G
Зелёный - мой любимый цвет. 
&gt;Am  E          G
Иногда они смотрят так, 
&gt;D
Что внутри меня что-то плавится, 
&gt;F                            C
Но зелёный - мой любимый цвет. 
&gt;G
Зелёный - мой любимый цвет. 
  
&gt;Am                       E         G
Я ещё не дописал эту песню до конца-
&gt;D
Получается попса, как Антонов или Лоза, 
&gt;F
Про то, как я смотрю тебе в глаза, 
&gt;C                G
И в процессе будто бы слышу наши юные смешные голоса. 
&gt;Am             F
Наивняк, детский сад, будто мне семнадцать лет, 
&gt;G                                 D
Будто ты зашла к Данилычу распечатать реферат, 
&gt;F                                              
Мол, привет, Аня - Ваня, Ваня - Аня — очень рад, 
&gt;                        G
И назад дороги нет, а повороты только в ад. 
&gt;Am                          F
В одиночку не дойти, но в палатке будет рай - 
&gt;C                                  G          
"что ты делаешь? Прекрати, срочно руки убирай.
&gt;          F 
Алексеев, не приставай. Отпусти. Продолжай ".
&gt;C  G 
No woman, no cry. 
&gt;Am                                                       G                                                     
"Нет женщины, нет крика, ни воплей радости, ни крика боли, 
&gt;D
Но без тебя я ору, как наш 
Вася во время колик. 
&gt;F
Зайка моя, ты - мой спирт, я - твой алкоголик. 
&gt;Am                                                  F
Моё море, я готов сожрать пуды твоей горчащей соли... ".</track>
      <track id="Питерские крыши">&gt;Em                      C
За окном питерские крыши,
&gt;            D            Em
Серую хмарь протыкает шпиль
&gt;Em                           C
Мы друг друга совсем не слышим,
&gt;            D            Em
Разговор шуршит как фитиль.
&gt;Em                        C
Взрыв обожжет и заложит уши,
&gt;            D            Em
Разлетится по стенкам плоть
&gt;Em                                          C                            
Оголив все зажившиеся души по всем нужным швам, 
&gt;           D                                
не забыв сердца распороть
&gt; Em                         C
Из забрызганных кровью комнат, 
&gt;           D         Em
с потолками чернее мглы
&gt;Em                         C
Дым повалит столбом огромным,
&gt;           D           Em
Стены в трещинах и теплы.
&gt;Em                       C
Сквозь покрытую сажей раму
&gt;           D        Em
Моя вынырнет поскорей
&gt; Em                          C
Сделав круг полюбуются панорамой
&gt;D
И полетит твоей

Припев:
&gt;C         D             Em
Над антеннами и проводами 
&gt;G       D     C
Мимо и насквозь
&gt;            D                Em
Мы с тобою как струна с ладами,
&gt;G       D      C
Ненадолго врозь
&gt;           D                  B
Скоро нас опять прижмет к друг другу
&gt;G            D  Em
Возвратится звук
&gt;       C                      G    Em
А пока лишь оглушающая тишина вокруг 

&gt;Em         C           G
Над антеннами и проводами 
&gt; D            Em
Мимо и насквозь
&gt;            C                G
Мы с тобою как струна с ладами,
&gt;          D   Em
Ненадолго врозь
&gt; Em       C                  G
Скоро нас опять прижмет к друг другу
&gt;B             C
Возвратится звук
&gt;       D                      B
А пока лишь оглушающая тишина вокруг 

&gt;Em                               C                   D   Em
После звонка монолог запишет женщина робот  на том конце,
&gt;  Em                                 C                      D  Em
Мы друг друга совсем не слышим вата в ухе никак не найдет пинцет, 
&gt;Em                               C                   D Em
Я как рыба от динамита брюхом к верху всплыву  вот вот
Глаза на выкате и широко раскрыты
Будто в хлипе (крике) нелепый рот.
Я все выше и выше, удельным весом видимо не вышел
Среда выталкивает к облакам все ближе
И со шпили крыши сверху уже все хуже вижу
Спешу к тебе но топлива запас  уже почти выжат
Долечу, даже  из последних сил я
Залечу твои обгоревшие крылья
По плечу любых препятствий полосы
Если финиш на моем плече, твои волосы

Припев:
&gt;C         D               Em
Над антеннами и проводами 
&gt;G       D     C
Мимо и насквозь
&gt;            D                Em
Мы с тобою как струна с ладами,
&gt;G       D     C
Ненадолго врозь
&gt;           D                  B
Скоро нас опять прижмет к друг другу
&gt;G            D Em
Возвратится звук
&gt;       C                      G    Em
А пока лишь оглушающая тишина вокруг 

&gt;Em         C           G
Над антеннами и проводами 
&gt; D            Em
Мимо и насквозь
&gt;            C                G
Мы с тобою как струна с ладами,
&gt;          D   Em
Ненадолго врозь
&gt; Em       C                  G
Скоро нас опять прижмет к друг другу
&gt;B               C
Возвратится звук
&gt;       D                      B
А пока лишь оглушающая тишина вокруг</track>
      <track id="Чайлдфри">feat. Монеточка

&gt;Em                     C       G
Жил на cвете человек впечатлительный. 
&gt;Em                  C            G
Любым cоветам cледовал неукоcнительно. 
&gt;Em                      C       G
Он от этого и умер вообще-то, видимо. 
&gt;Em                 C        G
По cовету из ютубовcкого видео. 

&gt;Em                      C      G
Напиcал тот человек в завещании. 
&gt;Em                      C       G
Чтоб на повторе от начала до окончания. 
&gt;Em                     C        G
Этот трек играл на похоронной церемонии. 
&gt;Em                               
И чтоб гости пляcали вcе и не филонили! 
&gt;C                 G
Cо вcей дури, чтоб cилы не экономили! 

Припев (2 раза): 
&gt;Em             C              G
Поcлушай мой cовет в формате mp3. 
&gt;Em                  C          G 
Не жди, пока cоcтаришьcя, cкорей умри! 
&gt;Em                   C         G   
Жаль, что твои родители не childfree. 
&gt;Em C  G     Bm  Em     
Гори в аду, в аду гори! 

Куплет 2: 
&gt;Em                      C           
Cатана напевает эту пеcню в душе. 
&gt;             G
Пока жена ему готовит на кухне кушать. 
&gt;Em                      C 
Она знает, чем порадовать на ужин мужа. 
&gt;G
И доcтает из морозилки твою злую душу. 

&gt;Em                      C  
Пока в раковине тает кровавый лед. 
&gt; G
Он шампунь c экcтрактом жожоба берет. 
&gt;Em                     C  
И намылившиcь веcь, от рогов до копыт, 
&gt; G
C закрытыми глазами то поет, то cвиcтит. 

То зарычит, то как райская птичка. 
Мотивчик адcки прилипчив. 
Наcтроение проcто отличное. 
Мелодично журчит водичка. 

А ну кухне cтучит молоток шипаcтый, 
На кухне шипит в cковородке маcло. 
Там - дым коромыcлом и пахнет вкуcно. 
Для такого повара, еда - иcкуccтво. 

Припев (2 раза):
Поcлушай мой cовет в формате мр3. 
Не жди, пока cоcтаришьcя, cкорей умри! 
Жаль, что твои родители не childfree. 
Гори в аду, в аду гори! 

Куплет 3: 
Люцефер уже cмыл кондиционер. 
В зеркало поcмотрел, видит - раcполнел! 
Полотенце cнял c крючка на cтене. 
Вытер голову и тело, халат надел. 

Cел за cтол, налил для аппетита 100. 
Из большой бутылки с перевернутым крестом.
От ароматов урчит желудок пуcтой. 
А ты такой кричишь ему с блюда: "Стой!" 

Нож не трожь, рот закрой, вилку не втыкай. 
Не такой уж я плохой, мне надо в рай! 
Сатане не впервой cлышать эту cрань. 
Из рюмки крепкий наcтой льетcя через край. 

Через рот, вот и все, выпит аперитив! 
Он мурлычет под ноc вcе тот же мотив. 
Сейчаc они подкрепятcя c женой нормально. 
И отправятcя антихриcта делать в cпальню. 

Припев (2 раза):
Поcлушай мой cовет в формате мр3. 
Не жди, пока cоcтаришьcя, cкорей умри! 
Жаль, что твои родители не childfree. 
Гори в аду, в аду гори!</track>
    </artist>
    <artist id="Баста" l="Б">
      <track id="Выпускной">Вступление:
&gt;Bm A G A  Bm A G F#
&gt;Bm G A F# G Em F# } x 2 

Припев:
&gt;Bm      G                   A
Медлячок, чтобы ты заплакала.
&gt;                   F#m         G
И пусть звучат они все одинаково.
&gt;                Em           F#
И пусть банально и не талантливо.
&gt;                                  Bm
Но как сумел на гитаре сыграл и спел.
&gt;           G                  A
Выпускной, ты в красивом платьице.
&gt;       F#m             G
И тебе вот-вот 17-ть лет.
&gt;        Em                    F#
Я хотел тебе просто понравиться.
&gt;                          Bm
И как сумел на гитаре сыграл.

&gt;Bm                       G
Вся наша школа сошла с ума от этой новенькой.
&gt;D                                      A
В мой класс она зашла она и сразу понял я.
&gt;Bm                                          G
И Купидон мне в сердце не стрелою дал, а пулею.
&gt;D                                       A
Сказала наша классная: "Детки знакомьтесь с Юлею".
&gt;Bm                                    G
И вот я словно тень плетусь за Юлей - амурный хлюпик.
&gt;D                                   A
Подойти боюсь я к Юле, вдруг меня она не любит.
&gt;Bm                                G
А вдруг другого любит Юля, любит не меня.
&gt;D                                   F#m
Ведь в мечтах на двоих у меня с Юлей одна фамилия.

&gt;Bm                                D
И так пол года, днем пожар, а ночью бессонница.
&gt;A                               Em
Сердце рвется, но лед никак не тронется.
&gt;Bm                                D
Но как-то утром я решил сделать первый шаг.
&gt;A                               Em
Купил цветы и под подъезд, лишь бы ты пришла.
&gt;Bm                           D
И ты пришла, драма по классике.
&gt;A                               Em
Но не одна пришла, а под ручку с одноклассником.
&gt;Bm                     D  F#m
И ударились об землю небеса.
&gt;                     Bm
И тогда я написал Юля:

Припев:
&gt;Bm      G                   A
Медлячок, чтобы ты заплакала.
&gt;                   F#m          G
И пусть звучат они все одинаково.
&gt;                Em             F#
И пусть банально и не талантливо.
&gt;                                  Bm
Но как сумел на гитаре сыграл и спел.
&gt;           G                    A
Выпускной, ты в красивом платьице.
&gt;       F#m              G
И тебе вот-вот 17-ть лет.
&gt;        Em                 F#
Я хотел тебе просто понравиться.
&gt;                          Bm
И как сумел на гитаре сыграл.

&gt;Bm 
К черту завален учебный процесс.
&gt;G
Папа с мамой в стрессе.
&gt;D                                         A
Весь болезненный, потерял в весе килограмм 10.
&gt;Bm                         G
Ни пьет, ни ест, вместо конспектов пишет песни.
&gt;D         A
Песни о своей принцессе.
&gt;Bm  G
Ты с другим, а я погиб, Юля.
&gt;D                    A
И мы с ним кровные враги.
&gt;Bm                        G
Юля, потому что не со мною ты а с ним.
&gt;D                     F#m
Юля, Юля, пусть их рассудит пуля!

&gt;Bm                         D
Перемотаю пленку на 20 лет назад.
&gt;A                               Em
Гитара, бас, барабаны, старый актовый зал.
&gt;Bm                            D
Завалены экзамены, ни одного предмета я не сдал.
&gt;A                               Em
100 репетиций и перед тобой пою, как рок-звезда.
&gt;Bm                            D
Я в эту песню не сумел вместить всех своих чувств.
&gt;A                                          Em
Но на всю жизнь я заучил эти четверостишья наизусть.
&gt;Bm                               D
Ты так и не узнала, что я тебе посвятил эти стихи.
&gt;A                                   Em
Мой самый первый трек из них - хит всех выпускных!

Припев: 
&gt;Bm      G                  A
Медлячок, чтобы ты заплакала.
&gt;                   F#m          G
И пусть звучат они все одинаково.
&gt;                Em             F#
И пусть банально и не талантливо.
&gt;                                  Bm
Но как сумел на гитаре сыграл и спел.
&gt;           G                     A
Выпускной, ты в красивом платьице.
&gt;       F#m             G
И тебе вот-вот 17-ть лет.
&gt;        Em                   F#
Я хотел тебе просто понравиться.

&gt;Bm G A F# G Em F#

Припев: x2
&gt;Bm      G                A
Медлячок, чтобы ты заплакала.
&gt;                   F#m          G
И пусть звучат они все одинаково.
&gt;                Em             F#
И пусть банально и не талантливо.
&gt;                                  Bm
Но как сумел на гитаре сыграл и спел.
&gt;           G                    A
Выпускной, ты в красивом платьице.
&gt;       F#m              G
И тебе вот-вот 17-ть лет.
&gt;        Em                   F#
Я хотел тебе просто понравиться.
&gt;                          Bm
И как сумел на гитаре сыграл</track>
    </artist>
    <artist id="Би-2" l="Б">
      <track id="Лайки">Вступление:
&gt; Am

Куплет 1:
&gt;Am                         F  C
Темноты боятся скелеты в шкафу.
&gt;                              G  Am
Рвется от нагрузки всемирная сеть.
&gt;                              F C
Нам двоим достался один парашют.
&gt;                                  G  Am  
Значит прыгнем вместе и будем лететь.

Припев:
&gt;Am             F          C  G
Ты так прекрасна, моя любовь.
&gt;Am             F            C G Am
Как много лайков у нас с тобой.

Куплет 2:
&gt;Am                              F C
Я с чужим котенком стою под дождем.
&gt;                                  G  Am
Ты в нарядном платье встречаешь весну.
&gt;                                F C
Мы всё ждем чего-то, куда-то идем.
&gt;                                G  Am 
И все время платим, а цены растут.

Припев:
&gt;Am             F            C G
Ты так прекрасна, моя любовь.
&gt;Am             F            C G     
Как много лайков у нас с тобой.

&gt;Am F C Am F C Am F C Am F C G Am

Куплет 3:
&gt;Am                                   F C
Новый день нарезан, как праздничный торт.
&gt;                                  G Am
Жаль кусок все время идет мимо рта.
&gt;                                 F C
Свежий комментарий, что я уж не тот.
&gt;                           G Am
Не меняет факта, что ты еще та.

Припев:
&gt;Am             F            C G
Ты так прекрасна, моя любовь.
&gt;Am             F            C G     
Как много лайков у нас с тобой.

&gt;Am             F C G
Ты так прекрасна.
&gt;Am             F          C  G
Ты так прекрасна, моя любовь.

&gt;Am F C G } x 2</track>
    </artist>
    <artist id="Ленинград" l="Л">
      <track id="В Питере - пить">Вступление: 
&gt;F#m

&gt;F#m
Много городов у нас в России,
&gt;                           Bm
Нету пальцев столько на ногах,
&gt;                            F#m
С каждым годом всё они красивей,
&gt;C#                      F#m
Утопают в солнце и в снегах.

&gt;     Bm            F#m
В Ростове шикарные плюхи,
&gt;   A                 E
Размером с большую печать,
&gt;     Bm             F#m
В Москве ох*ительно нюхать,
&gt;    C#                C#7
В Челябинске лучше торчать.

Припев:
&gt;    F#m
А в Питере - пить!
&gt;           Bm
В Питере - пить!
&gt;  C#            F#m
В Питере тире - пить!
&gt;    F#m
А в Питере - пить!
&gt;           Bm
В Питере - пить!
&gt;  C#            F#m
В Питере тире - пить!
В Питере - пить!
В Питере - пить!
В Питере - пить!
В Питере - пить!

Я поездил в общем-то немало,
Есть что вспомнить, есть чего забыть,
Добирался даже до Ямала,
И видел то, чего не может быть.

В Ростове шикарные плюхи,
Размером с большую печать,
В Москве ох*ительно нюхать,
В Челябинске лучше торчать.

А в Питере - пить!
В Питере - пить!
В Питере тире - пить!
А в Питере - пить!
В Питере - пить!
В Питере тире - пить!
В Питере - пить!
В Питере - пить!
В Питере - пить!
В Питере - пить!

И при всём при внешнем похуизме,
Сердцем я люблю страну свою,
Эта песня, в целом, о туризме,
И для туристов я её пою.

В Ростове шикарные плюхи,
Размером с большую печать,
В Москве ох*ительно нюхать,
В Челябинске лучше торчать.

А в Питере - пить!
В Питере - пить!
В Питере тире - пить!
А в Питере - пить!
В Питере - пить!
В Питере тире - пить!
В Питере - пить!
В Питере - пить!
В Питере - пить!
В Питере - пить!</track>
      <track id="Обезьяна и Орёл">&gt;       Em               Am  
Ну какие могут быть обиды? 
&gt;              B7           Em  
Просто с нею нам не по пути. 
&gt;      Em               Am  
Совершенно разные мы виды – 
&gt;           B7               Em  
Не закрутишь, как ты ни крути. 
 
&gt;   C                 D  
Раньше жили мы с ним сыто-пьяно, 
&gt; G                Em  
Пока знания он не приобрёл: 
&gt;   C                                 D  
В гороскопах вычитал, что я, мол – обезьяна, 
&gt;  G          Em  
Обезьяна я, а он орёл. 
&gt; Am                 B7  
Обезьяна я, а он орёл. 
 
Припев: 
&gt;           Am        B7   Em  
Она макака по знаку зодиака, 
&gt;           Am        B7  Em  
Да и без знака она макака. 
&gt;          Am        B7    C  
Она макака по знаку зодиака, 
&gt;         Am        B7   Em  
Да и без знака она макака. 
 
&gt;      Em               Am  
Нах*я готовить мне бананы – 
&gt;             B7      Em  
Обезьянью бл*скую еду? 
&gt;        Em                 Am  
Сыт по горло я бананом сраным, 
&gt;          B7              Em  
Дуй домой – в свою Караганду. 
 
&gt;   C                 D  
Раньше жили мы с ним сыто-пьяно, 
&gt; G                Em  
Пока знания он не приобрёл: 
&gt;   C                                 D  
В гороскопах вычитал, что я, мол – обезьяна, 
&gt;  G          Em  
Обезьяна я, а он орёл. 
&gt; Am               B7  
Обезьяна я, а он орёл. 
 
Припев: 
&gt;           Am        B7    Em  
Она макака по знаку зодиака, 
&gt;           Am        B7  Em  
Да и без знака она макака. 
&gt;          Am        B7    C  
Она макака по знаку зодиака, 
&gt;         Am        B7   Em  
Да и без знака она макака. 
 
&gt;Am  B7  Em  
&gt;Am  B7  Em  
&gt;Am  B7  C  
&gt;Am  B7  Em  
 
&gt;      Em                   Am  
Нам, орлам, все до лампы и выше – 
&gt;            B7            Em  
Не колышат дела нас мартышьи. 
&gt;      Em                   Am  
С обезьяной ты каши не сваришь – 
&gt;            B7         Em  
Обезьяна орлу не товарищ! 
 
&gt;   C                 D  
Нет, они не жили сыто-пьяно, 
&gt; G                Em  
Знание я давно приобрела, 
&gt;   C                   D  
Что по гороскопу обезьяна 
&gt;  G          Em  
Не полюбит никогда орла. 
&gt; Am                   B7  
Не полюбит никогда орла. 
 
Припев: 
&gt;           Am        B7   Em  
Она макака по знаку зодиака, 
&gt;           Am        B7  Em  
Да и без знака она макака. 
&gt;          Am        B7    C  
Она макака по знаку зодиака, 
&gt;         Am        B7  Em  
Да и без знака она макака. 
 
&gt;Am  B7  Em | Am  B7  Em     
&gt;Am  B7  C | Am  B7  Em </track>
      <track id="Очки Собчак">Вступление:
&gt;Cm | Gm

&gt;        D#       D      Gm
Мне, короче, Собчак – никак,
&gt;       D#      D      Gm
Мне никак, Собчак, короче.
&gt;     D#     D     Gm (бас - Gm - F - E)
Но очёчи у ней ништяк,
&gt;       D#         D
Очень чётенькие очёчи.

&gt; Gm           Cm
Божечки, божечки,
&gt; Cm             Gm
Как же я хочу очки,
&gt; Gm           Cm
Божечки, божечки,
&gt;   Cm            Gm
Очки как у Собчачки.

Проигрыш:
&gt;Cm | Gm

Сука, в чётких очках Собчак,
Где она их взяла и почём?
Да, очёчи у ней ништяк,
А сама она ни о чём.

Божечки, божечки,
Как же я хочу очки,
Божечки, божечки,
Очки как у Собчачки.

Я писала ей на «Вконтакт»:
«Где взяла ты, сучка, очки?»
Нет её, там сидят одни
Бестактные дурочки.

Божечки, божечки,
Как же я хочу очки,
Божечки, божечки,
Очки как у Собчачки.</track>
      <track id="Сиськи">Вступление: 
&gt;Am | C6 | Em | G G6
&gt;Am | C6 | Em | G

&gt;Am                       C
Весь мир преобразится сразу,
&gt;                             Em
В нём станет больше красоты,
&gt;                     G
И засияют словно стразы
&gt;                    Am
Улыбки, и сведут мосты.
&gt;                      C
Сойдутся наши берега,
&gt;                            Em
Ты станешь мне родным и близким,
&gt;                       G
Растает лёд, сойдут снега,
&gt;                    Am
Когда себе я вставлю сиськи.

Припев:
&gt;             F           G
     Когда себе, когда себе,
&gt;             Em            Am
     Когда себе я вставлю сисьски.
&gt;             F           G
     Когда себе, когда себе,
&gt;             Em            Am
     Когда себе я вставлю сисьски.

&gt;  Am        Am/G    Am/E C
     Сиськи-сиськи, сиськи…
&gt;     C/A    C/G     C/E  Em  Em/A Em/G Em G
     Сиськи-сиськи, сиськи…

&gt;  Am        Am/G    Am/E C
     Сиськи-сиськи, сиськи…
&gt;     C/A    C/G     C/E  Em  Em/A Em/G Em G
     Сиськи-сиськи, сиськи…

&gt;Am                C
И запоют зимою птицы,
&gt;                    Em
Решат проблемы ЖКХ,
&gt;                        G
И грустный станет веселиться.
&gt;                      Am
Бриллианты, золото, меха
&gt;                 C
Подешевеют в одночасье,
&gt;                         Em
И водка превратится в виски,
&gt;                          G
И будет свет, и будет счастье,
&gt;                    Am
Когда себе я вставлю сиськи.

Припев:
&gt;             F           G
     Когда себе, когда себе,
&gt;             Em            Am
     Когда себе я вставлю сисьски.
&gt;             F           G
     Когда себе, когда себе,
&gt;             Em            Am
     Когда себе я вставлю сисьски.

&gt;  Am        Am/G    Am/E C
     Сиськи-сиськи, сиськи…
&gt;     C/A    C/G     C/E  Em  Em/A Em/G Em G
     Сиськи-сиськи, сиськи…

&gt;  Am        Am/G    Am/E C
     Сиськи-сиськи, сиськи…
&gt;     C/A    C/G     C/E  Em  Em/A Em/G Em G
     Сиськи-сиськи, сиськи…

&gt;   Am      Am Am/G Am/E
   Сиськи,
&gt;   C       C/A C/G C/E
   Сиськи,
&gt;   Em      Em/A Em/G Em
   Сиськи,
&gt;   G       G/A G G/E
   Сиськи,
&gt;   Am      Am Am/G Am/E
   Сиськи,
&gt;   C       C/A C/G C/E
   Сиськи,
&gt;   Em      Em/A Em/G Em
   Сиськи,
&gt;   G
   Си…

&gt;Am                       C
Сверлить соседи перестанут,
&gt;                          Em
Приветливыми станут лица,
&gt;                             G
В пивных из кранов свежий стаут
&gt;                          Am
Почти бесплатно будет литься.
&gt;                      C
И санкции отменят тут же,
&gt;                        Em
Магнитского все эти списки,
&gt;                          G
Придёт тепло, исчезнет стужа,
&gt;                    Am
Когда себе я вставлю сиськи.

Припев:
&gt;             F           G
     Когда себе, когда себе,
&gt;             Em            Am
     Когда себе я вставлю сисьски.
&gt;             F           G
     Когда себе, когда себе,
&gt;             Em            Am
     Когда себе я вставлю сисьски.

Кода:
&gt;Am Bbm Am    </track>
    </artist>
    <artist id="Макс Корж" l="М">
      <track id="Малый повзрослел">&gt;Am    Dm                     Am
 Ночь, крыши частных секторов.
&gt;Dm              Am
 Собаки воют со дворов.
&gt;Dm               Am
 Лишь луна и звезды тлеют,
&gt;  Dm
 Тлеют в темноте.
&gt;   Am           Dm                      Am
 Знаешь что - я сегодня не вернусь домой.
&gt;Dm                Am
 Я так давно того хотел.
&gt;Dm                 Am     E
 Только не волнуйся за меня.

Припев:
&gt;                Am Dm F 
Малый повзрослел!
&gt;E               Am Dm F E
Малый повзрослел!

&gt;Am           Dm                  Am
 И я иду, туда где меня ждет любовь.
&gt;Dm               Am
 А за ней пустая боль.
&gt;Dm                 Am                Dm
 Погрущу немного и утоплю её в темноте.
&gt;Am         Dm             Am
 И айда, там где куча пацанов.
&gt;Dm                 Am
 Где признают если смел.
&gt;Dm                Am     E
 Батя, не волнуйся за меня.

Припев:
&gt;               Am Dm F 
Малый повзрослел!
&gt;E              Am Dm F E
Малый повзрослел!

&gt;Am           Dm              Am
 И плевать, куда ветер занесет.
&gt;Dm                  Am
 От болота до вершин.
&gt;Dm            Am              Dm
 Будь уверен выживу в любой дыре.
&gt;Am           Dm               Am
 А пока, по двору машину не ищи.
&gt;Dm                            Am
 И для твоих звонков мобильный сел.
&gt;Dm           Am       E
 Батя, просто привыкай.

Припев (2 раза)
                        
Малый повзрослел! 
&gt;Am                      Dm
Красный свет, перекресток и первый мент.
&gt;                F                     E
Вырубай фары, петляем дворами, вой сирен.
            
Малый повзрослел! 
&gt;Am                         Dm
Шумный флэт, хэй, в коридоре дикий слэм.
&gt;               F                                E
Мусор с балкона, плакаты со стен. Ох*ели совсем?</track>
      <track id="Мой друг">Я не знаю, кто придумал этот мир.
Каким он был и когда он стал таким.
Зато я знаю, что мне для счастья нужно:
Жить в кайф и родное не путать с чужим.

&gt;                    Am
Строится метро, дома растут,
&gt;                     E
Грушевка цветёт. Лунинец, салют!
&gt;                       G
В сторону кольца на пару с облезлым рыжим котом.
&gt;              D  
Перенесли остановочку, придётся идти пешком
&gt;                 Am
На старый добрый тралик, я в него войду.
&gt;          E
Тётя, я не вру, мне всего одну.
&gt;               G
Мне б до Пушкинской, там уж под землёй.
&gt;             D
Люди на работу, с работы, посля домой.
&gt;             Am
Кто-то был никем, кто-то стал никем.
&gt;         E
Кто-то хитрый жук, но у меня рентген.
&gt;             G
Люди взлетают, падают: наркота, бухло.
&gt;           D
В этом мире, знай, всё относительно.

&gt;         F
Мой друг говорит: “Братан,
&gt;                          Dm
Смотри, летают миллионы, в облаках.
&gt;                 Am                              
Надо умножать, прибавлять, делить,
&gt;C    
Жить, что б крутиться, крутиться, что б жить.”
&gt;        F
Мой друг говорит: “Братан…”
&gt;                       Dm
Конечно, это тоже надо, а пока
&gt;                 Am
Я собираюсь прыгать в небо что есть сил,
&gt;C 
Я остаюсь таким же как и был.

Припев (2 раза):
&gt;F
Миллионы, миллионы, миллионы,
&gt;Dm
Миллионы, миллионы, миллионы,
&gt;Am
Миллионы, миллионы, миллионы,
&gt;C
Я остаюсь таким же как и был.

&gt;Am
Я люблю клацать по клавишам.
&gt; E
Дрожь по коже, когда получается.
&gt;G
Ночами гуляю с флешкой по новому мосту.
&gt;D
По мелочи не парюсь: я разучился париться.
&gt;Am
Могу пройти полгорода пешком,
&gt;E
Только задумавшись над текстом, о чём другом. 
&gt;G
Что заработал, тупо сливаешь за день.
&gt;F
Ну скажи, братан, какой же с меня бизнесмен?

&gt;Am
Удача – хитрый зверь, я её ловлю.
&gt;E
Мои пацаны, я вас всех люблю.
&gt;G
Я заторчу деньжат, в районе баксов сто,
&gt;D
Отправлюсь в путешествие куда-нибудь на Восток.
&gt;Am
Увижу много стран, много городов. 
&gt;E
Увижу море я, я поселюсь на нём. 
&gt;G
В этом мире, знай, всё относительно.
&gt;D
Моя музыка, унеси меня!

&gt;         F
Мой друг говорит: “Братан,
&gt;                          Dm
Смотри, летают миллионы, в облаках.
&gt;                 Am                              
Надо умножать, прибавлять, делить,
&gt;C    
Жить, что б крутиться, крутиться, что б жить.”
&gt;        F
Мой друг говорит: “Братан…”
&gt;                       Dm
Конечно, это тоже надо, а пока
&gt;                 Am
Я собираюсь прыгать в небо что есть сил,
&gt;C 
Я остаюсь таким же как и был.

Припев (2 раза):
&gt;F
Миллионы, миллионы, миллионы,
&gt;Dm
Миллионы, миллионы, миллионы,
&gt;Am
Миллионы, миллионы, миллионы,
&gt;C
Я остаюсь таким же как и был.</track>
      <track id="Настоящий">&gt; F                  Dm  Am        C
Улетают мысли, тянутся за горизонт, 
&gt; F                        Dm  Am         C
Что ты знал о жизни? Радуйся, но будь готов. 
&gt;                 F             Dm     Am C
Дружбу отсеет любовь, принципы сменятся,  
&gt;               F          Dm  Am C
Некогда яркий мир станет в стены. 
 
Припев:  
&gt;                F            Dm      Am C
Когда-нибудь все новое забудем старое, 
&gt;                F            Dm Am C
Но не суть, ты в настоящем будь. 
&gt;                F        Dm        Am  C
И те друзья недавние останутся знакомыми, 
&gt;            F        Dm     Am C
Да и пусть! Ты настоящим будь. 
 
2 куплет:
&gt; F                      Dm  Am         C
А во взрослой жизни так сжимает все лицо, 
&gt; F                    Dm  Am        C
Гребаные деньги, только разрушают все. 
&gt;                 F             Dm     Am C
Боже, оставь мне тут чувство беспечности, 
&gt;                F          Dm Am C
Не хочу жить один в паранойи. 
 
Припев:  
&gt;                F            Dm      Am C
Когда-нибудь все новое забудем старое, 
&gt;                F            Dm Am C
Но не суть, ты в настоящем будь. 
&gt;                F        Dm        Am   C
И те друзья недавние останутся знакомыми, 
&gt;            F        Dm      Am C
Да и пусть! Ты настоящим будь. 
 
3 куплет: 
&gt; F                      Dm  Am                C
Кто тебе не должен - не требуй, не проси взамен, 
Разбираясь с прошлым не пропускай момент - 
Подлый и преданный, этот животный мир, 
Но видеть его каким за тобою. 
 
Припев:  
&gt;                F            Dm      Am C
Когда-нибудь все новое забудем старое,
&gt;                F            Dm Am C
Но не суть, ты в настоящем будь. 
&gt;                F        Dm        Am  C
И те друзья недавние останутся знакомыми, 
&gt;            F        Dm     Am C
Да и пусть! Ты настоящим будь.</track>
    </artist>
    <artist id="Пика" l="П">
      <track id="Патимейкер">&gt;Am
Хэй, baby, брекеты
&gt;            F
Косичка, миниюбка, кепка 
&gt;Dm
Этот трек не для тверка 
&gt;     E
Да и похрен - дискотека 
&gt;Am
Дискотека 
&gt;F
Дискотека,
&gt;Dm 
Дискотека, дискотека
&gt;E 
Это дискотека века 
       
Припев:
&gt;Am 
Хэй, DJ
Хэй, битмейкер 
&gt;F
Хэй, уличный дэнсер 
Шк шк 
&gt;Dm
Шейкер, шейкер 
&gt;E
Хэй, патимейкер 
&gt;Am
Хэй, патимейкер
&gt;F
Хэй, патимейкер
&gt;Dm
Хэй, патимейкер 
&gt;E
Хэй, патимейкер 

&gt;Am
Йога, ноги на угли 
&gt;F
Зимой на ноги уги 
&gt;Dm
Мы танцуем буги-вуги 
&gt;E
Под ай люли-люли
&gt;Am
Дикий Маугли, джунгли 
&gt;F
Сам свои гугли в Google 
&gt;Dm
Матрёшки - куклы в кукле 
&gt;E
Этот день дубль в дубле 
&gt;Am
Разделились на команды 
&gt;F
Пока мы дули дули 
&gt;Dm
Они крутят факт, дули 
&gt;E
Ха-ха, они продули 
&gt;Am
До свидули 
&gt;F
До свидули 
&gt;Dm
До свидули, до свидули 
&gt;E
Дули
Да сведу ли, дули

Припев.</track>
    </artist>
    <artist id="Пицца" l="П">
      <track id="Романс">Припев:
&gt;               Em                  D
Без тебя жизни нет - я не могу найти.
&gt;                     C                       B
Сколько не жмись к стене, сквозь неё не пройти.
&gt;              Em                D
Ни одного пути грешной души в зиме.
&gt;                    C                  B
Без тебя смысла нет; без тебя жизни нет.
&gt;                    Am                      B7
Сколько не жмись к стене, сквозь неё не пройти.
&gt;               Em                 A7
Без тебя жизни нет. Я не могу найти
&gt;            C
Ни одного пути грешной души в зиме.
&gt;                B                             Em
Без тебя смысла нет; без тебя жизни нет; Жизни нет.

Куплет 1:
&gt;Em           D
Сдаётся мне, теперь это надолго.
&gt;  C                            B
Переживаю словно я переплываю Волгу.
&gt;  Em                 D
Она на шёлке, я на иголках.
&gt;   C             B
Вдребезги мост, осколки Сколково.

&gt;Am                       B7
Она такая, что не хватит слов.
&gt;       Em                        A7       C
Теперь я знаю, как мне повезло холодам назло.
&gt;                              B
Будто бы кто-то отодвинул заслон,
&gt; B
И как же далеко меня унесло!

&gt;Em           D       C 
Танцую листья на ветру.
                             B
Я без неё не тру - я без неё умру!
&gt;Em                             D    C
Бывает врут, но я не вижу никого вокруг.
&gt;                            B
И тем теплее, чем ближе к костру!

&gt;Am                       B7   Em 
Гори, гори, моя Звезда - да, да!
&gt;                 A7                      
Всё неспроста и мне не перестать.
&gt;C
Стали листать вместе страницы - лица, места.
&gt;B
Вереницы стран, вместе в астал!

Припев:
&gt;               Em                 D
Без тебя жизни нет - я не могу найти.
&gt;                     C                     B
Сколько не жмись к стене, сквозь неё не пройти.
&gt;              Em                 D
Ни одного пути грешной души в зиме.
&gt;                    C                 B
Без тебя смысла нет; без тебя жизни нет.
&gt;                    Am                     B7
Сколько не жмись к стене, сквозь неё не пройти.
&gt;               Em                 A7
Без тебя жизни нет. Я не могу найти
&gt;            C
Ни одного пути грешной души в зиме.
&gt;                B                             Em
Без тебя смысла нет; без тебя жизни нет; Жизни нет. 

Куплет 2:
&gt;Em           D                     C
Я не всегда милый, такой как в песнях.
&gt;                  B
Про знаменитый переход на Пресне.
&gt;Em                          D   
Главное - честно плаваем в бездне.
&gt;C                                B
Было бы пресно без, с тобой интересней!

&gt;Am            B7
В тебе тепло, как пластинках Боба!
&gt;Em     
I wanna love one.
&gt;                A7
Нам повезло, мы это знаем оба!
&gt;C
Сдаётся мне, что это - любовь до гроба!
&gt;D
- Согласны ли вы?
&gt;B7
- Ааа, ещё бы!

&gt;Em                            D
Вот эта рука твоя! Вот тебе сердце, не теряй!
&gt;C                               B7
Дотянем до Января, а там - свалим на моря!
&gt;Em                            D
Ты и я... "Два сапога - пара!", - так говорят.
&gt;C                                          B7
Вроде не врут. Вот это замут! Я ближе хочу быть к костру!

&gt;Am                        B7
В свете фонаря блестит асфальт.
&gt;Em                         A7
Я тебя люблю - ты просто знай!
&gt;C
Сдаётся мне, теперь это надолго.
&gt;B
Гори! Гори, не догорай.

Припев: x2
&gt;               Em                  D
Без тебя жизни нет - я не могу найти.
&gt;                     C                       B
Сколько не жмись к стене, сквозь неё не пройти.
&gt;              Em                 D
Ни одного пути грешной души в зиме.
&gt;                    C                B
Без тебя смысла нет; без тебя жизни нет.
&gt;                    Am                     B7
Сколько не жмись к стене, сквозь неё не пройти.
&gt;               Em              A7
Без тебя жизни нет. Я не могу найти
&gt;            C
Ни одного пути грешной души в зиме.
&gt;                B                             Em
Без тебя смысла нет, без тебя жизни нет, жизни нет. 

&gt;Em D C B   Em D C B   Am B7 Em A7 C B  </track>
    </artist>
  </add>
</chords>