﻿<?xml version="1.0" encoding="utf-8" standalone="no"?>
<!--Song content-->
<chords>
  <insert>
    <artist id="Игорь Николаев" l="И">
      <track id="Благословляю этот вечер">&gt;Am          Dm          E7        Am
 Вновь позолотой вечер город наряжает
&gt;         Dm        G           C  (A7)
 Играет музыка негромко в тишине
&gt;            Dm          G          C   (Am)
|И словно все вокруг в ее дыханьи тает
&gt;          Dm         E7         Am  (A7)
|А для меня вся эта музыка в тебе

&gt;          Am      Dm G     C      (F)
&gt;--RF--	Благословляю этот вечер
&gt;                 Dm E7       Am
	Твои глаза, твои слова
&gt;               Dm  G     C    (Am)
	И эти руки эти плечи
&gt;                Dm      E7    Am
	Меня зовут, сводя с ума

 Любуюсь голосом твоим, любуюсь взглядом
 Не знаю что сказать, как будто слов и нет
|Лишь мысль одна звучит - "Ты рядом, рядом, рядом"
|И мне завидует сегодня целый свет

&gt;--RF--

 Бродяга-ветер рассылает поздравленья
 И никогда не догорят его следы
|И мне на этом свете каждое мгновенье
|Беречь тебя и днем и ночью от беды

&gt;--RF--
	И эти руки эти плечи меня зовут сводя
	Сводя меня с ума
	Благословляю этот вечер

</track>
      <track id="День рожденья">&gt;(E7)              Am                   G
Янтарный луч рассвета застыл в моем окне
&gt;               F                     E7
Но несмотря на это сегодня грустно мне
&gt;                  Am                      G
День наступил и значит - все на своих местах
&gt;                F                    E7
Но как-то все иначе, сегодня все не так

&gt;          A7      Dm   G           C      Am
&gt;--RF--	 День рожденья - праздник детства
&gt;                Dm             E7            Am     (A7)
	 И никуда никуда, никуда от него не деться
&gt;                  Dm   G            C      Am
	|День рожденья - грустный праздник
&gt;                 Dm                  E7                 Am
	|Ты улыбнись, улыбнись, улыбнись, не грусти напрасно

Подарка нет дороже, подарка нет милей
Чем каждый день, что прожит в кругу своих друзей
Нет ничего на свете не происходит зря
И вдаль уносит ветер листок календаря

&gt;--RF--
--RF—

</track>
      <track id="Линия жизни">Рекомендуемый ритмический рисунок;

Перебор (щипок): Б3(21)3 – где Б — бас, а (21) - щипок 2-х струн одновременно

Куплет:

Бой: V^V*^ или Б^V*^ ( где Б - бас, а  V* -  вниз с глушением)

&gt;F#m      F#m/F  F#m/E        F#m/D#     Bm/D    D#dim7  C#7
Зыбкую линию   жизни прочертил в небесах самолет 
&gt;F#m          F#m/F    F#m/E      F#m/D#  Bm/D     E7sus4  E
Все, что когда-то я  без ума любил никогда не придет
&gt;A        D           Bm       C#7         
Не вернутся они наши лучшие дни,
&gt;F#m      E      C#7sus4  C#7
Когда мы с тобой были одни

Куплет:

Линия жизни замкнется, как петля и опять все с нуля
Карточный домик и замок на песке, у меня все о’кей
Но весенней порой смоет вешней водой все, что было построено мной

Припев:

&gt;Bm7  C#7       F#m    F#m7           
Кто это поймет, как все происходит
&gt;Bm7  C#7       F#m   E7 F#7
Кто с тобой живет, кто тебя находит
&gt;Bm7  E7 A       D
Это пустяки, маленькая малость 
&gt;Bm7  C#7     F#m     Bm7   C#7 
Были мы близки  или показалось…

Куплет:

Линия жизни тонка как волосок и хрупка как,  хрусталь
Мне бы к тебе прилететь бы на часок,  да нельзя, очень жаль
На прощанье каприз чтоб ещё раз на бис наши линии переплелись 

</track>
      <track id="Малиновое вино">&gt;Intro: Am Dm F E7 Am E7 – 2 раза

&gt;   Am                  Dm        E7
Уставшая стучать в захлопнутые дверцы
&gt;   Am                   Dm          G
И до утра бродить под проливным дождем
&gt;   Dm           G      C            F
Любовь нашла приют в моем уставшем сердце
&gt;  Dm        Am   E7        A7
И я согрел ее малиновым вином
&gt;  Dm        Am   E7        Am
И я согрел ее малиновым вином
&gt;           Am        Dm      E7        Am
&gt;--RF--	Малиновое вино к пьянящему аромату
&gt;            Dm             Am    F             E7
	Подмешана горечь слез и ранняя боль потерь
&gt;           Am        Dm      E7        Am
	Малиновое вино мы пили с тобой когда-то
&gt;              Dm          Am     H7         E7   Am
	Хмельное вино любви ты пьешь без меня теперь

Не будем вспоминать все то что с нами было
Мы воскресить любовь не сможем все равно
Спасибо что пришла, спасибо что простила
И приняла бокал с малиновым вином
И приняла бокал с малиновым вином

&gt;--RF--

&gt;--RF1--	 Малиновое вино к пьянящему аромату
	 Подмешана горечь слез и ранняя боль потерь
	 Малиновое вино мы пили с тобой когда-то
	|Хмельное вино любви ты пьешь без меня теперь

</track>
      <track id="Мельница">&gt;(Am                   Dm
Там где тихо плещет речка
&gt;E7              Am
Где оранжевый закат

В голубом краю сирени
Детство отцвело как сад

&gt;	A7          Dm
	Там где-то старая мельница
&gt;	Am
	Крутится вертится
&gt;	E7             Am A7
	Бьется о камни вода
&gt;	Dm              Am
	Старая мельница все перемелется
&gt;	E7               Am 
	Только любовь никогда


Я уехал в край далекий
Море пальмы и песок
Только по ночам мне снится
Милый сердцу уголок

	Припев

Наконец я возвратился
Город детства как живешь
У ручья на том же месте
Ты меня как прежде ждешь

	Как прежде старая мельница
	Крутится вертится
	Бьется о камни вода
	Старая мельница все перемелется
	Только любовь никогда

</track>
      <track id="Мой Друг">&gt;Вступление:Dmsus4 Dm7 Bmaj7 Gm\E A Dmsus4 Dm7            Csus4 C7 B F\A B A7...

&gt;                  Gm7         C7
Сколько в жизни встречал людей
&gt;                  Am7        Dm7
Сколько в сердце впускал гостей
&gt;             Gm7             B\C
Сколько раз ошибался в них -
&gt;         F7 F9  Dm
Все не впрок...

&gt;     Gm7               A7
Но зато все случилось так,
&gt;            Am7       Dm7\H
Что я выдержал груз атак
&gt;    Gm7            A
И моих дорогих друзей
&gt;         Dm
Дал мне Бог...

Припев:
&gt;     Gm7    C            Fmaj9    Dm
Мой друг, ты уж меня прости
&gt;     Gm7  A                  Dm      
За все, что нам пришлось пройти!
&gt;    Gm     C            F
Мой друг, на повороте дней
&gt;Dm            Gm
Вижу я все ясней
&gt;   A            Dm
Кто настоящий друг.

&gt;Dm Am7

Друг - не тот, кто в застолье крут,
И когда за здоровье пьют,
Друг не станет тебе кричать:
"Пей до дна!"

Друг почувствует, что тебе
Стало холодно на Земле
И согреет своим теплом
Без вина...
Припев

&gt;(Модуляция в тональность D#m)
Припев:
&gt;      G#m7 C#              F#maj9   D#m 
Мой друг, ты уж меня прости
&gt;    G#m7 B                     D#m  
За все, что нам пришлось пройти...
&gt;     G#m   C#           F#
Мой друг, на повороте дней
&gt;H             G#m
Слышу я все ясней,
&gt;B               D#m
Кто настоящий друг...

</track>
      <track id="Песня для тебя">Вступление:

&gt;G# Cm  C# D#

Куплет 1:
&gt;G#                           Cm
  Надо мною хулиганит летний ветер,
&gt;C#                         D#
  Как мороженое, облака глотая.
&gt;G#                               Cm
  Эта песня для единственной на свете,
&gt;C#                           C7
  Эта песня для тебя, моя родная.

Припев:
&gt;Fm                                C#
  Я прошу тебя, не будь ко мне жестока,
&gt;C                            Fm
  Я люблю тебя, я это точно знаю.
&gt;C#                           A#m
  Без тебя мне бесконечно одиноко,
&gt;C                             Fm
  В этом мире без тебя я пропадаю.

Куплет 2:
Как воздушные шары, плывут столетия,
В звёздном небе бриллиантовом сгорая.
Эта песня для единственной на свете,
Эта песня для тебя, моя родная

Припев.

Эта песня для тебя, песня для тебя
Эта песня для тебя, песня для тебя
Эта песня для тебя, песня для тебя
Эта песня для тебя, песня для тебя

Припев.

Эта песня для единственной на свете,
Эта песня для тебя, моя родная…
Песня для тебя…

</track>
      <track id="Поздравляю">
&gt;Gm Gm Cm D7 - 2 раза
 
&gt;Gm           Cm
Я пришел без приглашенья
&gt; F         Gm    
В этот дом в твой светлый праздник
&gt;Gm        Cm
Таял день твой день рожденья
&gt; F       A#
Красный цвет закат окрасил
&gt;     D7
закат окрасил

ПРИПЕВ:

&gt;       Gm
И я сказал поздравляю
&gt;        Cm       D7
И счастья тебе желаю и счастья тебе желаю
&gt;         D# Cm    D7
Пусть не со мной так с другим
&gt;       Gm       Cm
И я сказал поздравляю как буду я жить не знаю
&gt;         D7           D#
Но все же благословляю и поздравляю
&gt;       D7     Gm
С днем рождения твоим 

Проигрыш на припева. 

Может быть при лунном свете
Развернешь ты мой подарок
Среди роз найдешь кассету
Для тебя я под гитару я под гитару
тихонько спел

ПРИПЕВ 2 раза.

</track>
      <track id="Пять причин 1">&gt;Вступление: G  G7

&gt;Cm                     D#
Как же это все произошло?
&gt;                         Fm
Ведь немало времени прошло.
&gt;                     G
Я не научился жить один,
&gt;                         Cm
И у меня на это пять причин:


Припев:
&gt;Cm                   A#
Первая причина - это ты,
&gt;                      G#
А вторая - все твои мечты,
&gt;                        G
Третья – это все твои слова,
&gt;                   Cm
Я им не поверил едва.
&gt;                       A#
Четвертая причина - это ложь,
&gt;                                G#
Кто прав, кто виноват, не разберешь,
&gt;                      G
А  пятая причина - это боль, 
&gt;                       Cm
От того, что умерла любовь.



А сегодня видел я во сне,
Как ты улыбалась, но не мне,
Как ушла ты в мир других мужчин
И у тебя на это пять причин:

Припев:
Первая причина – это я,
А вторая - все твои друзья,
Третья – это новая любовь.
Это все понятно и без слов.
Четвертая причина - это ложь,
Кто прав, кто виноват, не разберешь,
А  пятая причина - это боль, 
От того, что умерла любовь.



Как же это все произошло?
Ведь немало времени прошло,
Я не научился жить один,
И у меня на это пять причин:

Припев:
Первая причина - это ты,
А вторая - все твои мечты,
Третья – это все твои слова,
Я им не поверил едва.
Четвертая причина - это ложь,
Кто прав, кто виноват, не разберешь,
А  пятая причина - это боль, 
От того, что умерла любовь...

</track>
      <track id="Пять причин 2">&gt;Am
Как же это все произошло?
&gt;Gm
Ведь немало времени прошло
&gt;Fm
Я не научился жить один
&gt;Em
И у меня на это пять причин:

&gt;Am
Первая причина, это ты,
&gt;Gm
А вторая все твои мечты
&gt;Fm
Третья – это все твои слова
&gt;Em
Я им не поверил едва

Четвертая причина это ложь,
Кто прав, кто виноват, не разберешь,
А  пятая причина это боль, 
От того, что умерла любовь

А сегодня видел я во сне,
Как ты улыбалась, но не мне,
Как ушла ты в мир других мужчин
И у тебя на это пять причин:

Первая причина – это я,
А вторая все твои друзья
Третья – это новая любовь
Это все понятно без слов.

Четвертая причина это ложь,
Кто прав, кто виноват, не разберешь,
А  пятая причина это боль, 
От того, что умерла любовь

Как же это все произошло?
Ведь немало времени прошло
Я не научился жить один
И у меня на это пять причин:

Первая причина, это ты,
А вторая все твои мечты
Третья – это все твои слова
Я им не поверил едва

Четвертая причина это ложь,
Кто прав, кто виноват, не разберешь,
А  пятая причина это боль, 
От того, что умерла любовь

</track>
      <track id="Пять причин 3">&gt;Am                    C
Как же это все произошло    
&gt;                         Dm
Ведь не мало времени прошло
&gt;         E
Я не научился жить один
&gt;            Am   
И у меня на это пять причин
&gt;Am                 G
Первая причина-это ты
&gt;                      F
А вторая все твои мечты
&gt;                        Dm
Третья-это все твои слова
&gt;           E       Am  
Я им не поверил едва
Четвертая причина-это ложь
Кто прав кто виноват не разберешь
А пятая причина-это боль
От того что умерла любовь.

А сегодня видел я во сне
Как ты улыбалась,но не мне
Как ушла ты в мир других мужчин
И у тебя на это пять причин
Первая причина-это я
А вторая все твои друзья
Третья твоя новая любовь
Все это понятно без слов
Четвертая причина-это ложь
Кто прав кто виноват не разберешь
А пятая причина-это боль
От того что умерла любовь.

</track>
      <track id="Пять причин 4">&gt;Am                    C
Как же это все произошло?
&gt;C                       Dm
Ведь немало времени прошло
&gt;Dm                   E
Я не научился жить один
&gt;E                       Am
И у меня на это пять причин:

&gt;Am                  Gm
Первая причина, это ты,
&gt;Gm                  Fm
А вторая все твои мечты
&gt;Fm                      E
Третья – это все твои слова
&gt;E                Am
Я им не поверил едва

Четвертая причина - это ложь,
Кто прав, кто виноват, не разберешь,
А  пятая причина это боль, 
От того, что умерла любовь

А сегодня видел я во сне,
Как ты улыбалась, но не мне,
Как ушла ты в мир других мужчин
И у тебя на это пять причин:

Первая причина – это я,
А вторая все твои друзья
Третья – твоя новая любовь
Все это понятно без слов.

(второй припев играется несколько иначе)
&gt;Am                        Gm
Четвертая причина - это ложь,
&gt;Gm                              Fm
Кто прав, кто виноват, не разберешь,
&gt;Fm                       Dm
А  пятая причина - это боль, 
&gt;Dm               E     Am
От того, что умерла любовь

Как же это все произошло?
Ведь немало времени прошло
Я не научился жить один
И у меня на это пять причин:

Первая причина - это ты,
А вторая все твои мечты
Третья – это все твои слова
Я им не поверил едва

&gt;Am                        Gm
Четвертая причина - это ложь,
&gt;Gm                              Fm
Кто прав, кто виноват, не разберешь,
&gt;Fm                       Dm
А  пятая причина - это боль, 
&gt;Dm               E     Am
От того, что умерла любовь...

</track>
      <track id="Пять причин 5">
&gt;Вступление: G

&gt;Cm                   Eb
Как же это все произошло?
&gt;                       Fm
Ведь немало времени прошло.
&gt;                    G7
Я не научился жить один,
&gt;                        Cm
И у меня на это пять причин.

&gt;                          Bb
     Первая причина - это ты,
&gt;                            Ab
     А вторая - все твои мечты.
&gt;                              Fm75-
     Третья - это все твои слова,
&gt;               G       Cm
     Я им не поверил едва.

&gt;                             Bb
     Четвертая причина - это ложь,
&gt;                                     Ab
     Кто прав, кто виноват - не разберешь.
&gt;                           Fm75-
     А пятая причина - это боль
&gt;                  G        Cm    Bb Ab Fm75-
     От того, что умерла любовь.
&gt;                  G        Cm
     От того, что умерла любовь...

А сегодня видел я во сне,
Как ты улыбалась, но не мне,
&gt;              Fm/Eb          Dm75-
Как ушла ты в мир других мужчин,
И у тебя на это пять причин.

     Первая причина - это я.
     А вторая - все твои друзья,
     Третья - твоя новая любовь,
     Все это понятно без слов.

     Четвертая причина - это ложь,
     Кто прав, кто виноват - не разберешь.
     А пятая причина - это боль
     От того, что умерла любовь.
     От того, что умерла любовь...
     От того, что умерла любовь...

Как же это все произошло?
Ведь немало времени прошло.
&gt;                    Gsus4
Я не научился жить один,
И у меня на это пять причин.

     Первая причина - это ты,
     А вторая - все твои мечты.
     Третья - это все твои слова,
     Я им не поверил едва.

     Четвертая причина - это ложь,
     Кто прав, кто виноват - не разберешь.
     А пятая причина - это боль
     От того, что умерла любовь.

</track>
      <track id="Пять причин 6">&gt;Hm
Как же это все произошло?
&gt;D
Ведь немало времени прошло
&gt;Em
Я не научился жить один
&gt;Fm
И у меня на это пять причин:


Первая причина, это ты,
А вторая все твои мечты
Третья – это все твои слова
Я им не поверил едва

Четвертая причина это ложь,
Кто прав, кто виноват, не разберешь,
А  пятая причина это боль, 
От того, что умерла любовь

А сегодня видел я во сне,
Как ты улыбалась, но не мне,
Как ушла ты в мир других мужчин
И у тебя на это пять причин:

Первая причина – это я,
А вторая все твои друзья
Третья – это новая любовь
Это все понятно без слов.

Четвертая причина это ложь,
Кто прав, кто виноват, не разберешь,
А  пятая причина это боль, 
От того, что умерла любовь

Как же это все произошло?
Ведь немало времени прошло
Я не научился жить один
И у меня на это пять причин:

Первая причина, это ты,
А вторая все твои мечты
Третья – это все твои слова
Я им не поверил едва

Четвертая причина это ложь,
Кто прав, кто виноват, не разберешь,
А  пятая причина это боль, 
От того, что умерла любовь

</track>
      <track id="Пять причин 7">&gt;Hm
Как же это все произошло?
&gt;D
Ведь немало времени прошло
&gt;Em
Я не научился жить один
&gt;F#
И у меня на это пять причин:

&gt;Hm
Первая причина, это ты,
&gt;D
А вторая все твои мечты
&gt;Em
Третья – это все твои слова
&gt;F#
Я им не поверил едва

Четвертая причина это ложь,
Кто прав, кто виноват, не разберешь,
А  пятая причина это боль, 
От того, что умерла любовь

А сегодня видел я во сне,
Как ты улыбалась, но не мне,
Как ушла ты в мир других мужчин
И у тебя на это пять причин:

Первая причина – это я,
А вторая все твои друзья
Третья – это новая любовь
Это все понятно без слов.

Четвертая причина это ложь,
Кто прав, кто виноват, не разберешь,
А  пятая причина это боль, 
От того, что умерла любовь

Как же это все произошло?
Ведь немало времени прошло
Я не научился жить один
И у меня на это пять причин:

Первая причина, это ты,
А вторая все твои мечты
Третья – это все твои слова
Я им не поверил едва

Четвертая причина это ложь,
Кто прав, кто виноват, не разберешь,
А  пятая причина это боль, 
От того, что умерла любовь


</track>
      <track id="Пять причин">&gt;Cm(III)
Как же это все произошло?
B(I)
Ведь немало времени прошло
Fm(I)
Я не научился жить один
&gt;G(III)
И у меня на это пять причин:

&gt;Cm
Первая причина, это ты,
&gt;B
А вторая все твои мечты
&gt;Fm
Третья – это все твои слова
&gt;G
Я им не поверил едва

Четвертая причина это ложь,
Кто прав, кто виноват, не разберешь,
А  пятая причина это боль, 
От того, что умерла любовь

А сегодня видел я во сне,
Как ты улыбалась, но не мне,
Как ушла ты в мир других мужчин
И у тебя на это пять причин:

Первая причина – это я,
А вторая все твои друзья
Третья – это новая любовь
Это все понятно без слов.

Четвертая причина это ложь,
Кто прав, кто виноват, не разберешь,
А  пятая причина это боль, 
От того, что умерла любовь

Как же это все произошло?
Ведь немало времени прошло
Я не научился жить один
И у меня на это пять причин:

Первая причина, это ты,
А вторая все твои мечты
Третья – это все твои слова
Я им не поверил едва

Четвертая причина это ложь,
Кто прав, кто виноват, не разберешь,
А  пятая причина это боль, 
От того, что умерла любовь

</track>
      <track id="Самая родная">&gt;Проигрыш:Cm Ab Fm G Cm Ab Fm G7 Cm

Куплет 1:
&gt;           D7   G7            Cm
Солнечным утром и ненастным днем,
&gt;               D7  G7               Cm
В счастье и в горе мы с тобой вдвоем,
&gt;Fm7          Bb7    G7           Cm
Все, что мне надо - быть с тобою рядом,
&gt;Fm                               G7
Пусть хранит судьба наш тихий дом.

Припев:
&gt;          Cm              Ab
Самая родная девочка на свете,
&gt;           Fm                G7
Волосы ласкает теплый южный ветер,
Солнечные блики на лице играют
И твоя улыбка - самая родная.

Куплет 2:
Ты - моя нежность, ты - моя звезда,
Что б ни случилось - будет так всегда,
Не зарекаюсь, просто постараюсь
Спеть тебе сквозь долгие года:

Припев.

</track>
      <track id="Столик на двоих">&gt;Em           Am         D  
Я приду в знакомый ресторан
&gt;      G                    C 
Пусть накроют столик на двоих
&gt;      Am               D    H7 Em
Прикуплю вина и буду ждать
Будет вечер теплым как тогда
Будет та же на небе звезда
Мы с тобою встретимся опять
&gt;        Em         Am             D   
&gt;--RF--  Но не прокрутишь назад кино
&gt;               G               C
        Где тонул я давным давно
&gt;                Am           D    H7   
        В ласковых глазах твоих
        Да не заметила ты сама
        Что уже замела зима
        Этот столик на двоих

        Этот столик на двоих


Лунный свет мерцает сквозь стекло
Странно понимать, что все прошло
И наивно плакать напоказ
Но почему же сердце так стучит
Столик на двоих и две свечи
Точно также все как в первый раз

&gt;--RF--
        Да не заметила ты сама
        Что давно замела зима
        Этот столик на двоих

Скомканую пачку сигарет
На бокале от помады  след
Ты оставишь на пустом столе
Ты поверь, мой друг, я не сержусь
Этот столик на двоих клянусь
Самый мой любимый на земле
Самый мой любимый на земле

</track>
      <track id="Такси">&gt;Fm C# Bbm7 D# C

&gt;       Fm
1. Я сегодня немного пьян
&gt;        Cm
   И не сяду уже за руль.
&gt;         C#
   Закрывается ресторан,
&gt;        C
   Обнимает ночной июль.

&gt;          Fm
   В темноте растворен жасмин,
&gt;       Cm
   Я хочу тебя попросить -
&gt;         C#
   Мы оставим наш лимузин
&gt;         D#
   И поймаем с тобой такси.

&gt;                  Fm
Припев. Такси, такси,
&gt;                Cm
        Вези, вези
&gt;                       Bbm7
        Вдоль ночных домов,
&gt;                       C
        Мимо чьих-то снов.
&gt;                  Fm
        Такси, такси,
&gt;                  Cm
        Хочу в такси
&gt;                 Bbm7
        Я тебя обнять
&gt;                 C
        И поцеловать.

2. Мы приедем в наш старый дом
   И не включим в прихожей свет,
   И, обнявшись с тобой вдвоем,
   Встретим мы золотой рассвет.

   Ты прости мне мои грехи,
   Все, что были в моей судьбе,
   Ты прости мне мои стихи,
   Все, что были не о тебе.

Припев.

&gt;(interlude) Fm C# Bbm7 D# C  Fm C# Bbm7 D# D

&gt;                  Gm
Припев. Такси, такси,
&gt;                Dm
        Вези, вези
&gt;                       Cm7
        Вдоль ночных домов,
&gt;                       D
        Мимо чьих-то снов.
&gt;                  Gm
        Такси, такси,
&gt;                  Dm
        Хочу в такси
&gt;                 Cm7
        Я тебя обнять
&gt;                 D
        И поцеловать.

&gt;Gm D# Cm7 F D  Gm D# Cm7 F D Gm

</track>
      <track id="Ты даже не знаешь, как ты прекрасна">&gt;C           F                G7    C
Ты даже не знаешь когда ты спросонья прищурив глаза
&gt;C            F                G7    C
Рассветы встречаешь, что мне без тебя уже просто нельзя
&gt;Am          Dm           Em7    Am7
Когда ты рисуешь свои акварели на белых листах
&gt;Am     Dm       Em7   Am7   F       B7 
Ты сердце мое в своих держишь руках и даже не знаешь

&gt;     Am        Dm     G7
        Ты даже не знаешь, как ты прекрасна
&gt;     C           E7
        Как ты прекрасна, как ты прекрасна
&gt;     Am        Dm    G7
	И даже быть рядом с тобой опасно
&gt;     C           E7
	С тобой опасно, с тобой опасно
&gt;     Am        Dm    G7    C
	Ведь может от счастья поехать крыша
&gt;     Am       Dm    G7     C
	Я словно ослеп, я других не вижу
&gt;     E7              A7
	Одно лишь я знаю, одно мне ясно
&gt;     F           B7      Em 
	Что ты прекрасна, как ты прекрасна

Когда осторожно руками ты трогаешь пенный прибой
Когда невозможно поверить, что нет тебя рядом со мной
Когда подпеваешь мотив этой песни по радио мне
Мы вместе летим на любимой волне, ты даже не знаешь

</track>
      <track id="Ты даже не знаешь...">&gt;С                 F                       G7      C
Ты даже не знаешь когда ты спросонья прищурив глаза
&gt;С                  F                       G7      C
Рассветы встречаешь, что мне без тебя уже просто нельзя
&gt;Am               Dm                Em7      Am7
Когда ты рисуешь свои акварели на белых листах
&gt;Am        Dm          Em7    Am7     F          H7 
Ты сердце мое в своих держишь руках и даже не знаешь

&gt;        Am            Dm       G7
        Ты даже не знаешь, как ты прекрасна
&gt;        C                 E7
        Как ты прекрасна, как ты прекрасна
&gt;        Am            Dm      G7
	И даже быть рядом с тобой опасно
&gt;        C                 E7
	С тобой опасно, с тобой опасно
&gt;        Am            Dm      G7      C
	Ведь может от счастья поехать крыша
&gt;        Am          Dm      G7       C
	Я словно ослеп, я других не вижу
&gt;        E7                    A7
	Одно лишь я знаю, одно мне ясно
&gt;        F                 H7         Em 
	Что ты прекрасна, как ты прекрасна

Когда осторожно руками ты трогаешь пенный прибой
Когда невозможно поверить, что нет тебя рядом со мной
Когда подпеваешь мотив этой песни по радио мне
Мы вместе летим на любимой волне, ты даже не знаешь

        Припев   &gt; 2 раза

</track>
      <track id="Ты даже не знаешь">&gt;             D             Em\C#                 F#
Ты даже не знаешь когда ты спросонья прищурив глаза
&gt;             D                   Em\C#               F#
Рассветы встречаешь, что мне без тебя уже просто нельзя
&gt;            Am9Б           D                G       
Когда ты рисуешь свои акварели на белых листах
&gt;    G       Em                  Em\C#          H\F# F#
Ты сердце мое в своих держишь руках и даже не знаешь

Припев:
&gt;           Hm                  G
Ты даже не знаешь, как ты прекрасна
&gt;            Em                F#
Как ты прекрасна, как ты прекрасна
И даже быть рядом с тобой опасно
С тобой опасно, с тобой опасно
&gt;              Am\C      H       Em
Ведь может от счастья поехать крыша
&gt;            A7               F#7
Я словно ослеп, я других не вижу
&gt;            Hm             Em
Одно лишь я знаю, одно мне ясно
&gt;            A                 Hm 
Что ты прекрасна, как ты прекрасна

Когда осторожно руками ты трогаешь пенный прибой
Когда невозможно поверить, что нет тебя рядом со мной
Когда подпеваешь мотив этой песни по радио мне
Мы вместе летим на любимой волне, ты даже не знаешь

Припев  

</track>
      <track id="Уезжай">&gt;F#         Hm          A
Уезжай, несколько минут
&gt;            G               F#
Чтобы прошептать тихое прощай.
&gt;      Hm                      A       G
Уезжай, забери с собой счастье и любовь,
&gt;                 F#
А мне оставь печаль.

припев:
&gt;Hm        G         A            F#
Уезжай, уезжай - душу мне не береди.
&gt;Hm        G          A            F#
Уезжай, уезжай - все равно все позади.
&gt;Hm        G          A            F#
Уезжай, уезжай в свой капризный месяц май.
&gt;         G        C#        F#
Из моих осенних песен уезжай!


</track>
      <track id="Я назову тебя Зоренькой">&gt;Вступление: C C D D/F# G E 
&gt;            Am B B7 Em G Am B7

&gt; Em          Am
Часто сижу и думаю, 
&gt; Am  B   B7     Em
Как мне тебя называть, 
&gt;   Em            Am
Скромную, тихую, милую? 
&gt; Am  G   D/F#   G
Как мне тебя величать, 
&gt;   C              D D/F# G E
Скромную, тихую, милую? 
&gt;Am         B B7 Em 
Как мне тебя величать. 

&gt;Проигрыш: C C D D/F# G E
&gt;          Am B B7 Em G Am B7 G

Я назову тебя реченькой, 
Только ты дальше теки. 
Я назову тебя звёздочкой, 
Только ты дольше свети. 
Я назову тебя звёздочкой, 
Только ты дольше свети. 

&gt;Проигрыш: C C D D/F# G E 
&gt;          Am B B7 Em G Am B7 G

Я назову тебя зоренькой, 
Только ты раньше вставай. 
Я назову тебя солнышком, 
Только везде успевай. 
Я назову тебя солнышком, 
Только везде успевай. 

&gt;Проигрыш: C C D D/F# G E
&gt;          Am B B7 Em G Am C

&gt;Fm          A#m
Я назову тебя радугой, 
&gt;A#m  C   C7     Fm
Только ты ярче гори. 
&gt; Fm         A#m
Я назову тебя радостью, 
&gt; A#m  G#   D#/G   G#
Только ты дальше зови. 
&gt;   C#          D# D#/G G# F
Я назову тебя радостью, 
&gt;A#m         C C7 Fm
Только ты дальше зови 

&gt;Заключение: C# C# D# D#/G G#
&gt;            F A#m C C7 Fm G# 
&gt;            A#m C7 G# Fm   

</track>
    </artist>
  </insert>
</chords>