﻿<?xml version="1.0" encoding="utf-8" standalone="no"?>
<!--Song content-->
<chords>
  <add>
    <artist id="Порнофильмы" l="П">
      <track id="Арест">&gt;Hm D
Мне не очень нравится мой президент -
&gt;G F# E
произведите арест!
Я не вижу радости в бесплатном труде - 
произведите арест!
Мне всё время кажется, что новости врут - 
произведите арест!
Я не оргазмирую под вашу муштру - 
произведите арест!

&gt;Hm G D
Эй, полицай!
&gt;F# E G D F#
В этой Стране Нищих С Зашитым Ртом
&gt;Hm G D F# E
я что-то шепнул, значит я - еретик,
&gt;G D F#
заприте меня в дурдом!
&gt;Hm G D F# E
Давайте введём налоги на дождь,
&gt;G D E
штрафы за громкий смех,
&gt;Hm G D F# E 
отменим статью 31,
&gt;G A D F#
давайте завинтим всех!

&gt;Hm
Всех!

</track>
      <track id="Белые Хлопья">



&gt;C     Am      F        Dm         G
Белые хлопья и птицы в дали голубой...
Той тропой, что внизу,
в грязном и рваном пальто я ползу за тобой...
За тобой я ползу...

&gt;F      G          C               Am
Потерянное время не найти - так даже проще!
Иди и попроси прощение у каждой ночи!
Иди куда глядят глаза, но только не домой - 
&gt;F G C 
я за тобой...
&gt;E Am G#
За тобой...
&gt;F G
Я ползу за тобой!

Тушат твои сигареты холодные ливни...
Тусклый свет ночных реклам...
Знаешь, ветра в голове засмеялись наивно!
Нас рвет рассвет напополам!

Потерянное время не найти - так даже проще!
Иди и попроси прощение у каждой ночи!
Иди куда глядят глаза, но только не домой - 
я за тобой...
За тобой...
Я ползу за тобой! 

</track>
      <track id="Империя">&gt;Em D G B
Навяжете мне с голубых экранов
говорящий труп Самой Примадонны
Начините мой примитивный разум
фигуральным фаршем ваших точек зрений 

&gt;Cm G Am B Em F#
На моем ковре в гостиной телевизор - новый Коллизией
&gt;G Am C C C C
Империя будет гнить 

Изложите мне очередную подробность
половых предпочтений вашей кукольной жизни,
чередую всё с военным парадом,
разбавляя прогнозом хуёвой погоды 

На моем ковре в гостиной телевизор - новый холокост
Империя будет гнить 

Развернитесь коврами, бытовые драмы
Разорвитесь поясами шахидов, рекламные блоки
Растекайся, липкая моча обещаний,
по парадным брюками твоего президента 

На моей стене с портрета засмеялся новый Пиночет
Империя будет гнить

</track>
      <track id="Искуство">&gt;Intro: Am F C Dm

Припев: 
&gt;F  E  Am  C   E  Dm  F E
Полные ладони наблюйте от радости - 
бизнес купил всех судий и победу в войне!
Аплодисментов шквал дотянувшим до старости,
тем кто не умер от скуки в благодарной стране

Здесь одно исскуство -
исскуство быть глухим,
искуство быть слепым....
Непрекрытый похуизм!

Давайте сожгём все книги, в них картинок нет!
Ну что может быть быть прекрасней авиабомб?
Ёбаным хиппи не место в приличной стране,
пусть в дурдомах о стены разбивают лоб!

Лишь одно искуство -
искусство два пальца в рот,
искусство бесплатно в метро....
непрекрытый похуизм!

Лишь одно исскуство -
искуство беспамяти жрать
и фото на фоне ковра...
Непрекрытый похуизм!

</track>
      <track id="Карма рабочих">&gt;Am            F    C               E
Липкий палет, мокрый картон,
&gt;Am            F    C               E
стылый обед, тонкий восторг...
&gt;Am            F  Dm         E    
Завтра зима: купим салют...
&gt;Fm           F       E    
Значит равна нулю
&gt;E              Am       F       
карма рабочих!
 
&gt; C                           E               Am         F      
Снежным комом в моем доме тоска...
&gt;C           E                Fm            F         
Замираю у дверного глазка...
&gt;C                   E                    Dm           
Драным шарфом удавилась весна...
&gt;F                E                F                      
Дулом у виска карма рабочих!

Утром рассвет в щель моих глаз
тихо залез, зарезав мой сон...
На проходной кого-то из нас
снова забрал инфаркт-  
карма рабочих!

Снежным комом в моем доме тоска...
Замираю у дверного глазка...
Драным шарфом удавилась весна...
Дулом у виска карма рабочих!

Липкий палет, мокрый картон...
Времени нет даже на стон!
Завтра зима затянет петлю...
Снова равна нулю
карма рабочих!

Снежным комом в моем доме тоска...
Замираю у дверного глазка...
Драным шарфом удавилась весна...
Дулом у виска карма рабочих!

</track>
      <track id="Мы Никому Не Нужны">&gt;D F# Bm A
Нас запалят сотни глаз...
&gt;D F# Bm A
Сотни равнодушных глаз...
&gt;F G D F# Bm
Нас сожрут и сразу выср*т в унитаз!
&gt;G Em F#
Всё как всегда...

&gt;Bm A Em F#
Мы никому не нужны!
&gt;Bm A Em F#
Мы никому не нужны!
&gt;Bm A Em F#
Мы никому не нужны!
&gt;Bm A G F#
Как всегда...

Нас задавит пьяный поп...
Нас застрелит жирный мент...
В отпечатках наших лиц замрёт цемент!
Всё как всегда...

Мы никому не нужны!
Мы никому не нужны!
Мы никому не нужны!
Как всегда...
Также как всегда!

Нас размажут фонари...
Нас порежут поезда...
Мы услышим громкий смех из-под земли!
Всё как всегда...

Мы никому не нужны!
Мы никому не нужны!
Мы никому не нужны!
Как всегда...
Также как всегда!

</track>
      <track id="Одиночество">
&gt;Hm           G 
Радостно сгораю от стыда...
&gt;D                 Em 
Езжу на автобусах туда-сюда...
Жизнь моя подобна дверной петле...
С важным видом покупаю плесневеющий хлеб...
 
&gt;G                D
Может завтра всё пройдёт,
&gt;Em            G             Hm 
я проснусь, я выпью горький чай
&gt;Hm         D 
и выпрыгну в окно...
&gt;G                  F#      Hm
Добрый дворник уберет асфальт...

&gt;Hm G D Em 2 раза

Всё пройдёт!

Трепетно вальсирую с пустым ведром...
Героически блуждаю в кишках метро...
Клею скрупулёзно обои в стык...
Выгодно смотрюсь на фоне пустоты...

Может завтра всё пройдёт,
я проснусь, я выплюну печаль
и выпрыгну в окно...
Старый дворник уберет асфальт...

Может завтра всё пройдёт!
Может завтра всё пройдёт!
Может завтра всё пройдёт!
Может завтра всё пройдёт!

</track>
      <track id="Повтор">&gt;Intro: Bm D Em F#
 
&gt;Bm D Em F#
Я теряю нить...
О, ебанутый мир!
Неопределенность мне в уши ссыт!
Радостно залаяли системы псы,
дубины из резины расчехляя чтобы нас давить!

&gt;G F# Bm Em G F#
В тюрьмах из ребер ебашат сердца хардкор!
Каждый новый день - 
повтор...

Я так устал...
Я схожу с ума!
Крыши едут в бытовом аду!
На работу не пойду! Не пойду! Не пойду!
Отъебись! Отъебись! Отъебись от меня тоска!

Всё - хуй пойми!
Я теряю нить...
Мир слишком прост, чтоб его понять!
Как-то я понял то что всё - хуйня
Каждое утро здесь всех трясет и тошнит! 

</track>
      <track id="После Нас">&gt;Em  D
Этот город оглушила зима...
&gt;Am  C
Люди - рыбы, небеса - толстый лёд...
По подъездам я любовь зажимал,
занимал у батареи тепло...

&gt;G  D  Em
Что же останется после нас?
&gt;C  G
Пустые дома... 
&gt;D  Em  C  D
Страницы в социальный сетях кричат!
&gt;G  D  Em
Ржавый автобус в который раз
&gt;C  G
протащит за собою день...
&gt;D  C
Сегодня впервые в нём нет нас...
&gt;D  Em
Это первый день без нас!

У меня в руках пьяная дрожь...
На зубах вязнет твой аспирин...
Ничего в моем доме не трожь,
а не то заболеешь как я!

Что же останется после нас?
Пустые дома... 
Страницы в социальный сетях кричат!
Ржавый автобус в который раз
протащит за собою день...
Сегодня впервые в нём нет нас...
Это первый день без нас!

Каждый год - в мыльной пене вода!
Каждый день - как прыжок из окна!
Каждый час - как Что? Где? Когда?
Каждый миг - как полный пиздец!

Что же останется после нас?
Пустые дома... 
Страницы в социальный сетях кричат!
Ржавый автобус в который раз
протащит за собою день...
Сегодня впервые в нём нет нас...
Это первый день без нас!

</track>
      <track id="Последний праздник">
&gt;Hm D F# - 4 раза проигрыш и также куплет
припев: 
&gt;Hm G D F#
&gt;Hm G D F#
&gt;Hm G D F#
&gt;Hm G D F#
&gt;Hm G D F#
&gt;Hm G D F#
&gt;Hm G D F#
&gt;E

Последний Праздник Новые двери за теми дверьми...
Чихаю от пыли мировых пирамид...
Я вроде бы здесь и вместе с тем нигде...
Я верю настанет счастливый конец... И тогда всё ебанется мы наденем выходные лица
и пойдем по лужам не боясь простудиться...
Нам расчистят путь от кресел рвотные потоки кофе
в день когда мы покинем наш ебаный офис...
Всё ебанется Изучаю в пол и считаю до ста...
Блять Это опять всё тот же самый этаж
С очередным провинциалом застрял
социальный лифт из грязи в говно В день, когда всё ебанется мы наденем выходные лица
и пойдем по лужам не боясь простудиться...
Расчищали путь от кресел рвотные потоки кофе
в день когда мы спалили наш ебаный офис - в последний праздник

</track>
      <track id="Продавец">&gt;Bm   D   G   F#   Bm   D   G   F#
Научи пожалуйста меня как быть счастливым, продавец!
Научи пожалуйста меня как быть послушным, консультант!
Я так одинок в моей квартире поселились сквозняки...
Укажи в каком углу витрины меня ждёт моя мечта!
 
&gt;G   F#
Мне страшно!
&gt;D     Em
Я не могу не верить, 
&gt;G   F#
что однажды 
&gt;D   Em   G   F#
тронется электричка лжи,
послушно
&gt;Bm   D   G  F# (пауза)
закроются все двери
в эту скучную жизнь...

Наступи мне на мозоль, чтоб я не смог покинуть 
магазин...
Загипнотизируй меня взглядом, погрузи в глубокий транс!
Помести в мой удивлённый рот пирог беспочвенных надежд
Трансформируй смысл моей жизни в яркий плазменный экран!

Мне страшно!
Я не могу не верить, 
что однажды
тронется электричка лжи,
послушно
закроются все двери
в эту скучную жизнь...

</track>
      <track id="Пулю буржую">&gt;F                    Bb
Другие смотрят в небеса
&gt;                    Gm
А это всё не про тебя
&gt;                 C
Запоминаешь адреса
&gt;                 F
И начинается возня

А снег сегодня не пошёл
Идут рабочие в кабак
Без новых русских хорошо
Построить очередь в гулаг

&gt;Bb      C  Bb       C
Я холостую, выберу сам
&gt;Bb       C  Bb           C
Пулю буржую, веревку ментам

Когда не знаю но готов
А небо трахает рассвет
И снова просит y жидов
А жизнь монет - Нет, нет, нет, нет

Простите я не разглядел
За пулей очередь стоит
Чего, чего, чего хотел
Смотри внимательно бандит

Я голосую, выберу сам
Пулю буржую, веревку ментам

Всё это быстро надоест
И менты обыскивают зря
Ещё нарваться на арест
В залёный день календаря

Другие смотрят в небеса
А это всё не про тебя
Запоминаешь адреса
И начинается возня

</track>
      <track id="Радио Свободы">&gt;Intro: G C B G C B G C B Am D

&gt;G D Am C
День до дыр застиран...
Сердце вскрылось в грязных танцах
Под радиоэфиры
богом позабытых станций...
Все твои ошибки
так похожи на раздетых
женщин в белом липком
с порно-видео кассеты...

&gt;G B Em C Am D
По радио свободы прогноз плохой погоды, 
когда придёшь ты, сука, весна?
В любое время года ждём нового прихода, 
но снова не вставляет трава.
Улицы кривляются ломаными линиями, город улыбается нам.
Огни многоэтажек, странные пейзажи,
Кажется болит голова?
Весна...

Кто урезал титры,
где про нас строка бежала?
Кто так метко выдрал
нас из этого журнала,
глянцевого рая,
под названием "реальность"?
Кто все убирает
нас так параноидально?

По радио свободы прогноз плохой погоды, 
когда придёшь ты, сука, весна?
В любое время года ждём нового прихода, 
но снова не вставляет трава.
Улицы кривляются ломаными линиями, 
город улыбается нам.
Огни многоэтажек, странные пейзажи,
Кажется болит голова?
Весна...

Дни-телесериалы
без конца и без сюжета...
Умственно отсталым
Раздарите все советы!
Мы не те, кто нужен:
не лечите - мы в сознаньи
Вас лечить не хуже!
Мэри Попинс, до свидания!

По радио свободы прогноз плохой погоды, 
когда придёшь ты, сука, весна?
В любое время года ждём нового прихода, 
но снова не вставляет трава.
Улицы кривляются ломаными линиями, 
город улыбается нам.
Огни многоэтажек, странные пейзажи,
Кажется болит голова?
Весна...

</track>
      <track id="Роди мне тысячу детей">&gt;Проигрыш: C

&gt;F             G     C
Роди мне тысячу детей
&gt;F           G        C
Дай имя каждому солдат
&gt;F             G             Em    Am
Наш президент отправит их на смерть
&gt;F               C
Стрелять в Донбасс

&gt;F                      G
Бомбы, мины, ракеты вверх
&gt;Em             G     Am
Жизнь - это так ужасно
&gt;F                  G    C
Но зачем рождается человек
&gt;F                     G
Бомбы, мины, ракеты вверх
&gt;Em               G        Am
Их подвиг не стал напрасным
&gt;F                     G        C
Главное, чтобы жив был наш президент
&gt;F                     Fm            C
Главное, чтобы жив был наш президент

Роди мне тысячу детей
Дай имя каждому батрак
И на заводы их отправь быстрей
К восьми утра

Проходная, вонючий цех
Жизнь - это так ужасно
Но зачем рождается человек
Проходная, вонючий цех
Их подвиг не стал напрасным
Только бы ни был нищим наш президент

&gt;Am          F     C  G
Роди мне тысячу детей
&gt;Am       F       C  G
И раздели их пополам
&gt;Am        F       C  G
Дай половине имя "мент"
&gt;Am       F         C     Em
Другую половину сдай ментам 
 
&gt;F                          G
Тюрьмы, клетки, свобода - смерть
&gt;Em             G     Am
Жизнь - это так ужасно
&gt;F                  G   C
Но зачем рождается человек
&gt;F                         G
Тюрьмы, клетки, свобода - смерть
&gt;Em                G      Am
"Их подвиг не стал напрасным" -
&gt;F                   Fm     C
Мне по телемосту сказал президент

&gt;F         G
Спасибо ему
&gt;     Em        Am
Он поднял страну
&gt;Dm
Как до этой планки нам
&gt;Fm              C
Дотянуться дуракам

</track>
      <track id="Ружье">&gt;Проигрыш Am F C E

&gt;F       C                E                    Am       
Разбивать ебальники в очередях к серым детским садам...
Выходные еще вчера, завтра - уже среда...
Вздрагивать каждый раз, когда слышишь жалобный визг -
это плачет маленький теплый комок
&gt;F            C           E      E
нашей с тобой большой любви...
&gt;Am           F         C          E
Пойти купить ружье и стрелять в толпу!
Пойти купить ружье и стрелять в толпу,
а застрелить себя...

Странно: вроде бы всё хорошо, но кажется - что-то не то...
Вроде бы в жизни добился всего... Как НЕВЫНОСИМО ЛЕГКО!
Вроде всё есть: дом, работа, семья... СЧАСТЬЕ, АУ, ТЫ ГДЕ?
Так снова тошную водку вливать в себя и ненавидеть ВСЕХ ЛЮДЕЙ!

Пойти купить ружье и стрелять в толпу!
Пойти купить ружье и стрелять в толпу!
Пойти купить ружье и стрелять в толпу,
а застрелить себя...

Ты так хотел изменить весь мир, но изменился сам...
Злой город словно себя возлюбил и возненавидел леса...
Долгие годы бежал от себя, и вот - прибежал к себе!
Тебя наебали фатально сказав:"Дурак, доверься своей судьбе!"

Пойти купить ружье и стрелять в толпу!
Пойти купить ружье и стрелять в толпу!
Пойти купить ружье и стрелять в толпу,
а застрелить себя...

А рассмешить весь мир!
Весь этот блядский мир!
Ведь этот бездарный мир!
Весь это глупый мир!
Весь этот скучный мир!
Весь ебанутый мир...


</track>
      <track id="Страна Глухих">&gt;Intro: G F# D Em } x2

&gt;G
Здесь никто никого не слышит!
&gt;F#
здесь никто ничего не скажет!
&gt;D
Дети смеются и падают с крыши
&gt;Em
вашей!

Здесь все слова ничего не значат!
Пьяная мать родила ребенка - 
он никогда-никогда не заплачет
звонко!

&gt;G A D F#
Жесты руками...
Взгляд похоронил асфальт!
&gt;G A D F#
Нет телефонов: разговоров никаких!
Рву свою глотку!
&gt;G A D F#
Ты меня не слышишь, жаль...
&gt;G Em
Мы с тобой живем в Стране Глухих...

Здесь каждую зиму морозы волчьи,
скрипками топят чугунные печи...
Здесь каждый день все хоронят молча
вечность!
В магнитофонах пустые кассеты
для спящих шипят похоронные марши,
и тихо становятся грустные дети
фаршем!

Жесты руками...
Взгляд похоронил асфальт!
Нет телефонов: разговоров никаких!
Рву свою глотку!
Ты меня не слышишь, жаль...
Мы с тобой живем в Стране Глухих...

</track>
      <track id="Экраны">&gt;F#m D A C# - всю песню
 
&gt;                 F#m D
Как же так получилось?
&gt;    A               C#
Сбросили воду на Крымск,
&gt;                F#m D 
а затопили квартиры
&gt;          A              C#
на территории всей страны
потоками грязи,
потоками холоднокровной лжи...
Лишь отрешенные лица
нам прогнозируют счастливую жизнь
со всех экранов страны!

Громкие падения больших премьер...
Олимпиады скрасят нищету и смерть...
Пластмассовая любовь...
Бесконечный "дом 2"...
Пустые слова
на всех экранах страны!

Давай закроем все двери,
сделаем вид, что нас нет
и в нашей грязной постели
зароемся в простыне,
стараясь не слушать,
как маршируют дожди,
как умирают снаружи
и круглосуточно кто-то пиздит
со всех экранов страны!

Громкие падения больших премьер...
Олимпиады скрасят нищету и смерть...
Пластмассовая любовь...
Бесконечный "дом 2"...
Пустые слова
на всех экранах!

Громкие падения больших премьер...
Олимпиады скрасят нищету и смерть...
Плацкартные вагоны разбитых сердец...
Полный пиздец
на всех экранах страны!

</track>
    </artist>
  </add>
</chords>