﻿<?xml version="1.0" encoding="utf-8" standalone="no"?>
<!--Song content-->
<chords>
  <add>
    <artist id="Arctic Monkeys" l="A">
      <track id="A Certain Romance">&gt;B
Well oh they might wear classic Reeboks
&gt;B
Or knackered Converse
&gt;B
Or tracky bottoms tucked in socks
&gt;E 
But all of that's what the point is not
&gt;                      Em
The point's that there ain't no romance around there
&gt;B
And there's the truth that they can't see
&gt;B
They'd probably like to throw a punch at me
&gt;B    E
And if you could only see them, then you would agree
&gt;Em
Agree that there ain't no romance around there
(The verses are all upstroked, like kinda ska rythm n that)
 
Chorus:
&gt;   Abm         F#   
You know, oh it's a funny thing you know
&gt;    E
We'll tell 'em if you like
&gt;    Em
We'll tell 'em all tonight
&gt;         B
They'll never listen
&gt;        Abm
Cause their minds are made up
&gt;   C#m              F#           B
And course it's all okay to carry on that way

&gt;B
And over there there's broken bones
&gt;B
There's only music, so that there's new ringtones
&gt;E
 And it don't take no Sherlock Holmes
&gt;              Em
To see it's a little different around here
&gt;B
Don't get me wrong, oh there's boys in bands
&gt;B
And kids who like to scrap with pool cues in their hands
&gt;E
And just cause he's had a coupla cans
&gt;                  Em
He thinks it's alright to act like a dickhead

Chorus:
&gt;   Abm         F#   
You know, oh it's a funny thing you know
&gt;    E
We'll tell 'em if you like
&gt;    Em
We'll tell 'em all tonight
&gt;         B
They'll never listen
&gt;        Abm
Cause their minds are made up
&gt;   C#m              F#
And course it's all okay to carry on that way

Cause their minds are made up
&gt;   C#m              F#
And course it's all okay to carry on that way

&gt;     Abm
I said no
&gt;  F#
Oh no!
&gt;     E          Em
Oh you won't get me to go!
&gt;B      Abm
Anywhere, said anywhere
&gt; C#m     F#
I won't Go
&gt;       B
Oh no no!

&gt;B
Well over there there's friends of mine
&gt;B
What can I say, I've known 'em for a long long time
&gt;E
And yeah they might overstep the line
&gt;                Em          B
But I just cannot get angry in the same way
&gt;B
Not in the same way
&gt;           E
Not in the same way
&gt;         Em
Oh no, oh no no

</track>
      <track id="Arabella">&gt;Intro: Em Am G | Em Am 

&gt;G                     Em                        Am 
Arabella's got some interstellar-gator skin boots 
&gt;      G                          Em                     Am  G 
And a helter skelter 'round her little finger and I ride it 
endlessly 
&gt;              Em                    Am 
She's got a Barbarella silver swimsuit 
&gt;         G                           Em            Am     G 
And when she needs to shelter from reality she takes a dip 
in my daydreams 
 
&gt;Em                          Am              G 
     My days end best when this sunset gets itself 
&gt;Em                        Am          G            Em 
      Behind that little lady sitting on the passenger side 
&gt;                Am                  G          Em 
It's much less picturesque without her catching the light 
&gt; Em 
The horizon tries but it's just not as kind on the eyes 
&gt;Em G Em Am Em G Em Bm 
                  As Arabella 
&gt;Em G Em Am Em G Em Bm 
                  As Arabella 
&gt;Em      G          Em       Am      Em        G   Em Bm 
   Just might have tapped into your mind and soul 
&gt;Em G   Em Am Em G    Em  Bm 
   You can---t  be sure 
 
Chords repeat.

</track>
      <track id="Baby I'm Yours">&gt;         D     B7 
Baby, I'm yours, 
&gt;            Em              A                   D  B7 
And I'll be yours until the stars fall from the sky, 
&gt; Em             A              G 
Yours until the rivers all run dry, 
&gt;         F#m            Em  A 
In other words, until I die. 
  
&gt;          D    B7 
Baby, I'm yours, 
&gt;            Em              A             D    B7   
And I'll be yours until the sun no longer shines, 
&gt;  Em            A                G 
Yours until the poets run out of rhyme, 
&gt;         F#m              Em     A   
In other words, until the end of time. 
 
&gt;          G    F#/G  Em   G  F#/G Em 
I'm gonna stay right here by your side, 
&gt;F#m                                   
Do my best to keep you satisfied, 
&gt;G                                                        
Nothin' in the world can drive me away, 
&gt;A     Asus       A 
Every day you'll hear me say... 
 
Baby, I'm yours, 
And I'll be yours until two and two is three, 
Yours until the mountain crumbles to the sea, 
In other words, until eternity. 
 
Baby, I'm yours, 
Till the stars fall from the sky, 
Baby, I'm yours, 
Till the rivers all run dry, 
Baby, I'm yours, 
Until the sun no longer shines, 
Baby, I'm yours, 
Till the poets run out of rhyme

</track>
      <track id="Balaclava">&gt;Bm               F#m 
Running off over next doors garden 
&gt;  D                Bm 
Before the hour is done 
&gt;     Bm                 F#m 
It's more a question of feeling 
&gt;        D                F#m 
Than it is a question of fun 
&gt;    Bm                F#m 
The confidence is the balaclava 
&gt;    D                      Bm 
I'm sure you'll baffle 'em good 
&gt;         Bm             F#m 
Will the ending reek of salty cheeks 
&gt;    D             F#m 
And runny makeup alone 
 
Or will blood run down the face 
Of a boy bewildered and scorned 
And you'll find yourself in a skirmish 
And you wish you'd never been born 
And you tie yourself to the tracks 
And there isn't no going back 
And it's wrong wrong wrong 
But we'll do it anyway cause we love a bit of trouble 
 
Are you pulling her from a burning building 
Or throwing her to the sharks 
Can only hope that the ending is as pleasurable as the start 
The confidence is the balaclava, i'm sure you baffle 'em straight 
And its wrong wrong wrong, she can hardly wait 
 
&gt;Bm                                F#m 
That's right, he won't let her out his sight 
&gt;                   Bm 
Now the shaggers perform 
&gt;                    F#m 
And the daggers are drawn 
&gt;                     Bm 
Who's the crooks in this crime? 
 
That's right, he won't let her out his sight 
Now the shaggers perform 
And the daggers are drawn 
Who's the crooks in this.... 
Crime! 
 
That's right, he wont let her out his sight 
That's right, he wont let her out his sight 
That's right, he wont let her out his sight 
 
You'll be able to post any day of the most 
For the sights of all time 
 
You knew that it'd be trouble right before the very first kiss 
Quiet and assuming but you heard that they were the naughtiest 
She pleaded with you to take it off 
But you resisted and fought 
Sorry sweetheart, I'd much rather keep on the balaclava.  

</track>
      <track id="Brainstorm">&gt;Intro: Fm }x8 
&gt;       Fm Cm C# C# Eb E G }x4 
 
Verse 1: 
&gt;Fm   Cm 
Brian  
&gt;C# Eb  E         G   Fm    Cm 
   Top marks for not trying 
&gt;C#   Eb   E      G  Fm 
  So kind of you to bless us  
&gt;     Cm         C# 
with your effortlessness 
&gt;Eb    E        G   Fm 
We're grateful and so  
&gt;          Cm       C# Eb E 
strangely comforted 
&gt;G     Fm    Cm 
And I wonder  
&gt;C# Eb  E           G  Fm   Cm C# E 
   are you putting us under 
&gt;G        Fm             Cm  
Cause we can't take our eyes off  
&gt;    C#      Eb  E       G Fm    Cm 
the t-shirt and ties combination 
&gt;     C#            Eb E      G 
Well see you later in-novator 
 
&gt;Interlude: Fm Cm C# C# Eb E G }x4 
 
Verse 2:: 
Some want to kiss  
&gt;             Fm      Cm C# 
some want to kick you 
&gt;            Eb E 
There's not a  net you  
&gt;    G     Fm         Cm C# 
couldn't slip through 
&gt;   Eb E                G Fm         Cm 
Or at least that's the impression I get  
&gt;              C#        Eb     E 
cause you're smooth and you're wet 
&gt;    G     Fm        Cm            C# 
And she's not aware yet but she's yours 
&gt;Eb     E    G    Fm    Cm C# 
She'll be saying use me 
&gt;Eb   E      G Fm   Cm C# 
Show me the jacuzzi 
&gt;  Eb E           G    Fm         Cm 
I i--magine that it's there on a plate 
&gt;     C#    Eb   E          G    Fm 
Your rendezvous rate means that you'll  
&gt;      Cm            C# 
never be frightened to make  
&gt;Eb   E        G 
them wait for a   
 
Chorus:  
&gt;Cm 
while I doubt it's  
&gt;          C#     
your style  
&gt;Cm 
  not to get  
&gt;         C#  Cm 
what you set out to acquire 
The eyes are on fire 
&gt;    E 
You are the unforecasted storm 
 
&gt;Guitar Solo: Fm G# C# Cm G# C# Cm }x8 
 
Verse 3: Chordless 
Brian Calm collected 
and commanding 
(Top marks for not trying) 
You made the other stories standing 
With your renditions and jokes 
Bet there's hundreds of blokes that  
have wept cause you've 
&gt;             Fm     Cm 
stolen their thunder 
&gt;C# Eb  E           G  Fm   Cm C# E 
   are you putting us under 
&gt;G        Fm             Cm  
Cause we can't take our eyes off  
&gt;    C#      Eb  E       G Fm    Cm 
the t-shirt and ties combination 
&gt;     C#            Eb E      G 
Well see you later in-novator 
 
&gt;Outro: Fm   

</track>
      <track id="Cigarette Smoke">Intro:
e-------I-------|I 
b-------I-------|I 
g-------I-------|I 
D-7-7-7-I-------|I 
A-7-7-7-I-------|I 
E-5-5-5-I-10^12-|I 
 
e-----------------------------------------------------------------------------------| 
b-----------------------------------------------------------------------------------| 
g-----------------------------------------------------------------------------------| 
D-7-7-7-------------7-7-7-------------------7-7-7----------------7-7-7--------------| 
A-7-7-7---------15--7-7-7----------17^19^17-7-7-7----------15-17-7-7-7-17^19-17-15--| 
E-5-5-5-15-15-17----5-5-5-15-15-17----------5-5-5-15-15-17-------5-5-5--------------| 
 
Verse:
e----------------------------| 
b----------------------------| 
g----------------------7-7-7-| 
D-7-7-7--7-7-7--3-3-3--7-7-7-| 
A-7-7-7--7-7-7--3-3-3--5-5-5-| 
E-5-5-5--5-5-5--1-1-1--------| 
&gt;   A5     A5     F5     D5 
 
&gt;A               A 
  Get out the way, mister 
&gt;            F 
With your short sharp tips 
&gt;              D 
No, I won't read your lips right now 
&gt;A             A 
  And baby, hey 
&gt;                    F 
You send a shiver down my spine 
&gt;             D 
But do you read my mind 
Do you... 
&gt;A             A               F 
  And you're looking pretty suspicious 
&gt;      D 
And probably planning a heist 
&gt;A         A                   F 
  He's wanting to go to the strippers 
&gt;     D 
It makes him feel all nice 
 
Refrain 
just play powerchords 
 
&gt;A 
Cigarette Smoke yeah 
&gt;C                         E(VII) 
The Cigarette Smoke in your eyes 
&gt;E    D   E  G    E   D 
Watching a stripper and 
&gt;A 
Smacking a bloke yeah 
&gt;C                    E        E D E G E D 
Smacking a bloke here tonight 
 
Get out the way, mister 
With your short sharp tips 
No, I won't read your lips right now 
And baby, hey 
You send a shiver down my spine 
But do you read my mind 
Do you... 
 
He's prob'ly got stopped by a panda 
For speeding on his way there 
... flashing of digital cameras 
From tourists in trafalgar square 
 
Refrain 
 
(Cigarette Smoke yeah) 
The Cigarette Smoke in your eyes 
Watching a stripper and 
(Snortin' some coke yeah) 
Snortin' some coke off her thighs 
Bla-bla-bla-bla-bla-bla... 
 
&gt;Bridge: A  C  E  A  C  E  E  D  E  G  E  D 
 
(Cigarette Smoke yeah) 
The Cigarette Smoke in your eyes 
Watching a stripper and 
(Smacking a bloke yeah) 
Smacking a bloke here tonight 
And I just can't see for the 
(Cigarette Smoke yeah) 
The Cigarette Smoke in your eyes 
Watching a stripper and 
(Snortin' some coke yeah) 
Snortin' some coke off her thighs 
Lalalalalala laaaaaaaoooo 
Oww

</track>
      <track id="Crying Lightning">Intro:
&gt;Am    F    Am    E
&gt;Am    G    C    Ab

&gt; Am          F            Am          E
Outside the cafe by the cracker factory
&gt;            Am         G      C      Ab
You were practicing a magic trick
&gt;         Am          F            Am          E
And my thoughts got rude, as you talked and chewed
&gt;        Am           G        C     Ab
On the last of your pick and mix

&gt;                                 Am             F
Said you’re mistaken if you're thinking that I haven't been caught
&gt;Am           E
cold before
&gt;       Am              G          C     Ab
As you bit into your strawberry lace
&gt;                           Am             F         Am        E
And then a flip in your attention in the form of a gobstopper
&gt;                Am              G         C      Ab       
Is all you had left and it was going to waste

&gt;Am
Your past-times, consisted of the strange
And twisted and deranged
And I love that little game you had called
Crying lightning
And how you like to aggravate the ice-cream man on rainy afternoons

&gt;Am (Strum Once)

&gt;                      Am               F
The next time that I caught my own reflection
&gt;       Am              E
It was on it's way to meet you
&gt;Am             G        C         Ab
Thinking of excuses to postpone
&gt;                     Am                F
You never look like yourself from the side
&gt;          Am                E
But your profile could not hide
&gt;             Am             G         C           Ab
The fact you knew I was approaching your throne

&gt;            Am            F                   Am
With folded arms you occupied the bench like toothache
&gt;E                      Am                 G           C   Ab
Stood and puffed your chest out like you never lost a war
&gt;              Am              F           Am             E
And though I tried so not to suffer the indignity of a reaction
&gt;      Am                 G              C       Ab
There was no cracks to grasp or gaps to claw

&gt;        F               Dm
And your past-times, consisted of the strange
&gt;     Am
And twisted and deranged
&gt;      Am                                   F
And I hate that little game you had called
&gt;        Dm
Crying lightning
&gt;                    Am                                         F
And how you like to aggravate the icky man on rainy afternoons
&gt;    Dm
Uninviting
&gt;    Am
But not half as impossible as everyone assumes
&gt;       F       Dm
You are crying lightning

&gt;Am

&gt;             Am                  Dm
Oh you were reading a book about some idiot
&gt;     F                  E
And telling me about another

&gt;      Am          Dm
I was so severely underwhelmed
&gt;             F            E
I thought I might never recover

&gt;                Am
Straighten the rudder girl
&gt;     Dm
And sail me up stairs
&gt;    F
And go and find somebody
&gt;      E
Who cares

&gt;        Am                Dm
Well we might not be the perfect partners
&gt;       F               E
But tonight we make a pair

&gt;Am                   Am
Your past-times, consisted of the strange
&gt;      Am
And twisted and deranged         
&gt;       Am                                  F
And I hate that little game you had called


&gt;        Dm       Am
Crying lightning
&gt;        Am        F
Crying lightning
&gt;        Dm        Am
Crying lightning
&gt;        Am
Crying lightning

&gt;    F                Dm
Your past-times, consisted of the strange
&gt;     Am
And twisted and deranged
&gt;       Am                                  F
And I hate that little game you had called
&gt;            Dm
Cryi---ng

</track>
      <track id="Do I Wanna Know (2)">CAPO 3 

&gt;Intro: Em C Am

Verse 1:
&gt;Em                          C        Am
Have you got colour in your cheeks?
&gt;Am                                      Em
D'you ever get that fear that you can't shift
&gt;Em
The type that sticks around like summet in your teeth?
&gt;Em        C          Am
Have some aces up your sleeve?
&gt;Am                              Em
Have you no idea that you're in deep?
&gt;Em
I dreamt about you nearly every night this week
&gt;Em       C             Am
How many secrets can you keep?
&gt;Am                                       Em
'Cause there's this tune I've found that makes me think of you 
somehow 
&gt;Em
And I play it on repeat
&gt;C     Am
Until I fall asleep
&gt;Am                    B
Spillin' drinks on my settee 

Pre-chorus:
&gt;C
Do I wanna know?
&gt;Am 
If this feelin' flows both ways?
&gt;       Em
Sad to see you go
&gt;Em
Sorta hopin' that you'd stay 
&gt;        C
Darlin' we both know
&gt;Am
That the nights were mainly made for sayin' things 
that you can't say 
&gt;Em
tomorrow day

Chorus:
&gt;                 Em
Crawlin' back to you
&gt;Em              C
Ever thought of callin'
&gt;Am
When, you've 'ad a few 
&gt;                Em
'Cause I always do
&gt;Em
Maybe I'm too
&gt;Em          C          Am
Busy bein' yours, to fall for, somebody new
&gt;                   Em
Now I've thought it through,
&gt;Em
Crawlin' back to you.

Verse:
&gt;C (1 strum)       Am  (1 strum)
So 'ave you got the guts?
&gt;                       Am (1)        Em (1)
Been wonderin' if your heart's still open
&gt;       Em (1)     Em (1)
And if so I wanna know what time it shuts
&gt;C (1)         Am (1)
Simmer down and pucker up
&gt;                            Em (1)
I'm sorry to interrupt it's just I'm constantly on the cusp of 
Tryin'
&gt;C       Am                              Em           (stop)
To kiss you, but I dunno if you, feel the same as I do
&gt;Em             C     Am
   We could be together, 
&gt;Am            B
If you wanted to.

Pre-Chorus 2: repeat pre-chorus 1

Chorus 2: repeat chorus 1

&gt;C                                         Am
Do I wanna know, if this feelin' flows both ways?
&gt;Am     Em
Sad to see you go, was sorta hopin' that you'd stay

&gt;C                            Am                                 Em
Darlin' we both know, that the nights were mainly made for sayin' 
things that 
&gt;Em
you can't say tomorrow day

Outro verse:
&gt;C (1) (stop)                  Am
Do I wanna know? Too busy bein' yours to fall
&gt;Am     Em
Sad to see you go,
&gt;Em              C
Ever thought of callin' darlin' 
&gt;Am                              C              Am             Em
&gt;Do I wanna know? Do you want me crawlin' back to you? (End on Em)   

</track>
      <track id="Do I Wanna Know">&gt;Gm                             Eb     Cm
Have you got colour in your cheeks? 
&gt;Cm                                          Gm
Do you ever get the feeling that you can't shift the tide 
That sticks around like something's in your teeth 
&gt;          Eb             Cm
And some aces up your sleeve 
&gt;                              Gm
I had no idea that you're in deep 
I dreamt about you nearly every night this week 

&gt;           Eb               Cm
How many secrets can you keep?
&gt;            Gm 
Cause there's this tune I found 
that makes me think of you somehow
When I play it on repeat 
&gt;   Eb    Cm
Until I fall asleep 
&gt;                        D
Spilling drinks on my settee 

Pre-Chorus:
&gt;          Eb
(Do I wanna Know ) 
&gt;          Cm
If this feeling floats both ways 
&gt;          Gm
(I had to see you Go ) 
Cause I've been hoping that you'd stay
&gt;          Eb 
(And now that we both know ) 
&gt;          Cm
That the nights were mainly made the same 
&gt;          Gm
And things that you can't say some other day 

Chorus:
&gt;                  Gm
Crawling back to you 
&gt;                     Eb       Cm
Ever thought of calling when you've had a few?
&gt;               Gm
Cause I always Do
&gt;                              Eb       Cm
Well baby I'm too busy being yours to fall for somebody new
&gt;                     Gm
Now I've thought it through

&gt;                  Gm
Crawling back to you 

So have you got the goods? 
Been wondering if you're heart's still open 
And if so I wanna know what time it shuts 
Simmer down, pucker up 
And I'm sorry to interrupt 
It's just I'm constantly on the cusp 
Of trying to kiss you 
I don't know if you feel the same as I Do 
We could be together if you wanted to 

Pre-Chorus:
With this feeling first on the plate 
Cause I've been hoping that you'd state 
That the nights were never engraved 
For saying things that you can't say some other day 

Chorus:
Crawling back to you 
And I thought I'd crawl in here, give it a few 
As I always Do 
Waking up to 
Was it me and yours to fall first from loving you? 
And I tell it true 
Crawling back to you

</track>
      <track id="Fireside">&gt;Intro: Dm
 
Куплет 1:
&gt;Dm         Dm
I can't explain but I wanna try
&gt;   Bb        Dm
There's this image of you and I
&gt;Bb
And it goes dancing by
&gt;Gm                   Dm
In the morning and the night time
&gt;Dm                Dm
There's all these secrets I can't keep
&gt;Dm                 Dm 
Like in my heart there's that hotel suite
&gt;Bb
And you lived there so long
&gt;Gm                       Dm
It's kind of strange now you're gone

Припев:
&gt; Dm            Bb
I'm not sure if I should
&gt;              Gm
Show you what I've found
&gt;G           Bb
Has it gone for good
&gt;                Gm
Or is it coming back around?
&gt;Am                Bb
Isn't it hard to make up your mind
&gt;Gm
When you're losing
&gt;            Dm
And your fuse is Fireside

Куплет 2:
&gt;Dm                Dm
There's all those places we used to Go
&gt;Dm                Dm
And I suspect that you already know
&gt;Bb
But that place on memory lane
&gt;       G
You like still looks the same
&gt;                  Dm
But something about it's changed

Припев:
&gt; Dm            Bb
I'm not sure if I should
&gt;              Gm
Show you what I've found
&gt;G           Bb
Has it gone for good
&gt;                Gm
Or is it coming back around?
&gt;Am                 Bm
Isn't it hard to make up your mind
&gt;Gm
When you're losing
&gt;            Dm
And your fuse is Fireside

Запев:
&gt;F      Bb       Gm   
And I thought I was yours, Forever
&gt;Bb           Gm
Or maybe I was mistaken,
&gt;         Bb              
But I just can't help manage to
&gt;                    Gm         Dm
Get through the day without thinking of you lately
 
&gt;Dm  Gm  Bb  Gm  Dm 

Припев:
&gt;Dm           Bb
I'm not sure if I should
&gt;        Gm       Dm
Show you what I've found
&gt;Dm          Bb
Has it gone for good
&gt;                Gm
Or is it coming back around?
&gt;                 Bb
Isn't it hard to make up your mind
&gt;Gm
When you're losing
&gt;         Bb  F  Dm
And your fuse is Fireside

&gt;Outro: Dm   

</track>
      <track id="I Wanna Be Yours">&gt;Intro: Cm - Fm - Gm x2 
 
&gt;Cm 
I wanna be уоur vacuum cleaner 
&gt;Fm                Gm 
breathing in уоur dust 
&gt;Cm 
I wanna be уоur Fоrd Соrtinа 
&gt;Fm           Gm 
I will never rust 
&gt;Cm 
If уоu like уоur соffее hоt 
&gt;Fm                    Gm 
let me be уоur соffее роt
&gt;Cm 
Уоu call the shоts babe 
&gt;       Fm            Gm 
I just wanna be уоurs 
 
This is palm muted, and strummed (2 strums per сhоrd) 
 
&gt;Fm             Gm 
Secrets I have held in my heart 
&gt;Cm            Fm 
are harder tо hide than I thоught
&gt;Fm           Gm 
Maybe I just wanna be уоurs 
 
Strummed nоrmаllу. 
 
&gt;  Cm 
I wanna be уоurs 
&gt;  A#                G# 
I wanna be уо-о-о-о-оооurs... 
&gt;                  Cm 
Wanna be уо-о-о-о-оооurs... 
&gt;A#                G# 
Wanna be уо-о-о-о-оооurs... 
&gt;                  Gm 
Wanna be уо-о-о-о-оurs... 
 
Verse played as tabbed 
 
&gt;Cm 
Let me be уоur leccy meter 
&gt;Fm                 Gm 
And I'll never run оut 
&gt;    Cm 
Let me be the роrtаblе heater 
&gt;Fm                       Gm 
That уоu’ll get соld withоut 
&gt;Cm 
I wanna be уоur setting lоtiоn (Wanna be...) 
&gt;Fm                        Gm 
hоld уоur hair in deep dеvоtiоn (Hоw deep...?) 
&gt;Cm *                         
At least as deep as the Pacific осеаn      Cm*= let ring thrоughоut line. 
&gt;  Fm            Gm 
I wanna be уоurs 
 
Played with single strums, as рrеviоuslу. 
 
&gt;Fm             Gm 
Secrets I have held in my heart 
&gt;Cm            Fm 
are harder to hide than I thоught
&gt;Fm           Gm 
Maybe I just wanna be уоurs 
&gt;  Cm 
I wanna be уоurs 
&gt;  A#                G# 
I wanna be уо-о-о-о-оооurs... 
&gt;                  Cm 
Wanna be уо-о-о-о-оооurs... 
&gt;A#                G# 
Wanna be уо-о-о-о-оооurs... 
&gt;                  Cm 
Wanna be уо-о-о-о-оurs... 
&gt;A#                G# 
Wanna be уо-о-о-о-оооurs... 
&gt;                  Cm 
Wanna be уо-о-о-о-оооurs... 
&gt;A#                G# 
Wanna be уо-о-о-о-оооurs... 
&gt;                  Cm     A# 
Wanna be уо-о-о-о-оurs... 
&gt;G# 
Wanna be уоur vacuum cleaner 
&gt;Cm                A# 
breathing in уоur dust 
&gt;G# 
I wanna be уоur Fоrd Соrtinа 
&gt;Cm         A# 
I'll never rust 
&gt;       G# 
I just wanna be уоurs 
&gt;       Cm            A# 
I just wanna be уоurs 
&gt;       G#               Gm 
I just wanna be уоurs...

</track>
      <track id="Mardy Bum">Intro:
e -7-7-7-7-7-7-7-7-7-7-7-7-5-5-5-5-3-3-3-3-0-0-0-0--
&gt;B -8-8-8-8-8-8-8-8-8-8-8-8-7-7-7-7-5-5-5-5-2-2-2-2--

&gt;D F# G F#m Em A	}x2

Verse:
&gt;D		F#	
Well now then Mardy Bum
&gt;G		
I see your frown and it's like 
&gt;F#m		Em
looking down the barrel of a gun
&gt;D
And it goes off
&gt;		F#
And out come all these words
&gt;     G		   F#m 		
Oh there's a very pleasant side to you
&gt;  Em			A
&gt;A side I much prefer, it's one that

Chorus:
&gt;G		A
Laughs and jokes around
&gt;	D		A
Remember cuddles in the kitchen yeah
&gt;	Bm		
To get things off the ground and it was
&gt;G       A	
up up and away
&gt;	    D		  A		    	
oh but it's right hard to remember that
&gt;     Bm			
on a day like today when your all
&gt;G		A
argumentative and you've 
got the face on

&gt;D F# G F#m Em A	

Verse 2:
&gt;D		    F#
Well now then Mardy Bum
&gt;     G	  F#m		
Oh I'm in trouble again 
&gt;Em	  A		    D
aren't I? I thought as much.
&gt;			F#
Coz you've turned over there 
&gt;	     G		F#m	
Pulling that silent disappointment face 
&gt;Em			A
The one that I can't bear.
Can't we...

Chorus 2:
&gt;G		A
Laugh and joke around
&gt;	D		A
Remember cuddles in the kitchen yeah
&gt;	Bm		
To get things off the ground and it was
&gt;G      A	
up up and away
&gt;    D		  A		    	
oh but it's right hard to remember that 
&gt;     Bm			
on a day like today when your all
&gt;G		A
argumentative and you've 
got the face on.

Middle:
&gt;F#5		     G5	
Yeah i'm sorry I was late
&gt;F#5					 G5
I missed the train and the traffic was a state
&gt;F#5				     G5	
I can't be arsed to carry on in this debate that reoccurs 
&gt;F#5					G5
Oh when you say I don't care of course i Do 
&gt;		A5
Yeah i clearly do.

&gt;Solo: D F# G F#m Em A }x2

Chorus 3:
&gt;G		A
Laugh and joke around
&gt;	D		A
Remember cuddles in the kitchen yeah
&gt;	Bm				
To get things off the ground and it was
&gt;G      A	
up up and away
&gt;	      D		       A		    	
oh but still it's right hard to remember that 
&gt;     Bm			
on a day like today when your all    (Break - wait a bar)
&gt;G		A
argumentative and you've 
&gt;	D
got the face on.

</track>
      <track id="Piledriver Waltz">CHORDS:
&gt;E
I etched the face of a stopwatch 
&gt;C#m
On the back of a raindrop
&gt;G#                                A
And did a swap for the sand in an hourglass.
&gt;E                            C#m
I heard the nun happy ending it sort of sounds like youre leaving
&gt;G#                            A                           E
I heard the piledriver waltz, it woke me up this morning.
 
BREAK:
&gt;                     A                         F#m            C#m
You look like youve been for breakfast at the heartbreak hotel
&gt;                              A                  F#m      C#m
And sat in a back booth by the pamphlets and the literature 
on how to lose.
&gt;     A            B             E           G# 
Your waitress was miserable and so was your food. 
&gt;               A                                         B	
If you’re gonna try and walk on water make sure you wear 
your comfortable shoes. 

&gt;E                        C#m                              G#
Mysteries flashing amber go green when you answer but the red 
on the rest of 
&gt;                  A
the questionnaire never changes. 
&gt;E                                    C#m				
I heard the news that youre planning to shoot me out of a cannon. 
&gt;G#                            A                         E
I heard the piledriver waltz, it woke me up this morning. 

BREAK:
&gt;                     A                         F#m           C#m
You look like youve been for breakfast at the heartbreak hotel
&gt;                              A                  F#m       C#m
And sat in a back booth by the pamphlets and the literature 
on how to lose.
&gt;     A            B             E          G# 
Your waitress was miserable and so was your food. 
&gt;                A					B	
If youre gonna try and walk on water make sure you wear 
your comfortable 
&gt;       B7
shoes. 

&gt;       E            C#m   G#   A         
 Ooooh  Piledriver

&gt;E C#m G# A X2

LEAD:

Intro:

&gt;E |-7---|
&gt;B |---9-| x16

Lead guitar during verse:

&gt;E |-7---7---7---9---9---9---8---8---8---9----9----9----|
&gt;B |---9---9---9---9---9---9---9---9---9---10---10---10-| x2

&gt;E |-7---7---7---7---7---7---7--------------------------|
&gt;B |---9---9---9---9---9---9----------------------------|

Outro lead:

&gt;E |--12----14-11-----12--9-11---9-8-9-11-9----9-7-5-4-----| 
&gt;B |---------------------------------------------------7-5-| x 3

&gt;E |--12----14-11-----12--9-11---9-8-9-11-9-| 
&gt;B |----------------------------------------| 


</track>
      <track id="R U Mine">&gt;F#m                   D          Bm   
I'm like a puppet on a string, Tracy Island, time-traveling diamond
&gt;  F#m                   D          Bm 
Coulda shaped heartaches, come to find ya fall in some velvet morning
&gt;  F#m                   D          Bm 
Years too late, she's a silver lining lone ranger riding
&gt;  F#m                   D          Bm 
Through an open space, in my mind when she's not right there beside me
 

Chorus:
&gt;   F#m                D                  Bm
I Go crazy 'cause here isn't where I wanna be
&gt;     F#m              D                  Bm
And satisfaction feels like a distant memory
&gt;     F#m             D     Bm             F#m     D Bm 
And I can't help myself, all I wanna hear her say is "Are you mine? "
&gt;        F#m           D         Bm
Are you mine?        
&gt;        F#m           D         Bm
Are you mine?
&gt;        F#m           D         Bm
Are you mine?   (Oh Are...)
&gt;F#m           D         Bm


Verse:
&gt;  F#m                   D          Bm   
I guess what I'm trying to say is I need the deep end, keep imagining meeting,
&gt;  F#m                   D          Bm   
Wished away entire lifetimes, unfair we're not somewhere
&gt;  F#m                   D          Bm   
Misbehaving for days, great escape lost track of time and space
&gt;  F#m                   D          Bm   
She's a silver lining climbing on my desire


Chorus:
&gt; F#m                D                  Bm
I Go crazy 'cause here isn't where I wanna be
&gt;     F#m              D                  Bm
And satisfaction feels like a distant memory
&gt;     F#m             D     Bm             F#m     D Bm 
And I can't help myself, all I wanna hear her say is "Are you mine? "
&gt;        F#m           D         Bm
Are you mine?        
&gt;        F#m           D         Bm
Are you mine?
&gt;        F#m           D         Bm
Are you mine?   (Oh Are...)
&gt;F#m           D         Bm


Middle Eight

&gt;     Bm                  D                    F#m 
And the thrill of the chase moves in mysterious ways
&gt;     A
So in case I'm mistaken,
&gt;   Bm                    D           C#         Bm 
I just wanna hear you say you got me baby
&gt;   Am           F#m
Are you mine?


Verse:
She's a silver lining lone ranger riding through an open space
In my mind when she's not right there beside me
&gt;  F#m           D               Bm
And I Go crazy cause here isn't where I wanna be


Chorus:
&gt;   F#m                D                  Bm
I Go crazy 'cause here isn't where I wanna be
&gt;     F#m              D                  Bm
And satisfaction feels like a distant memory
&gt;     F#m           
And I can't help myself,
&gt;   D         Bm          F#m    D   Bm
All I wanna hear her say is "Are you mine? "
&gt; F#m           D         Bm
Well, are you mine? (Are you mine tomorrow?)
&gt; F#m           D         Bm
Are you mine? (Or just mine tonight?)
&gt; F#m           D         Bm
Are you mine? (Are you mine tomorrow, or just mine tonight?)

</track>
      <track id="Snap Out Of It">Capo on 1 Fret 
 
Verse 1:
&gt; Em
What's been happening in your world?  (oh) 
What have you been up to? 
&gt; Am
I heard that you fell in love 
or near enough 
&gt;                               B
I gotta tell you the truth yeah 
 
Chorus:
&gt; C
I wanna grab both your shoulders and shake baby 
&gt; Em          G  
Snap out of it (Snap out of it) 
&gt; C
I get the feeling I left it too late, but baby 
&gt; Em          G
Snap out of it (Snap out of it) 
&gt; C                                           
If that watch don't continue to swing or the  
&gt; Em               G                      C
fat lady fancies having a sing, I'll be here 
waiting ever so patiently for you to 
&gt; B     A     G    F#m   Em
 Snap   out   of    it 
 
Verse 2:
&gt; Em
Forever isn’t for everyone 
Is forever for you? 
&gt; Am
It sounds like settling down 
Or giving up        
&gt;                                    B 
But it don’t sound much like you girl 
 
Chorus:
&gt; C
I wanna grab both your shoulders and shake baby 
&gt; Em          G  
Snap out of it (Snap out of it) 
&gt; C
I get the feeling I left it too late, but baby 
&gt; Em          G
Snap out of it (Snap out of it) 
&gt; C                                           
If that watch don't continue to swing or the  
&gt; Em               G                      C
fat lady fancies having a sing, I'll be here 
waiting ever so patiently for you to 
&gt; B     A     G    F#m   Em
 Snap   out   of    it 
 
&gt; Em
Under a spell you‘re hypnotized (oh) 
&gt; Em                         
Darling how could you be so blind? (snap out of it) 
 
&gt; Em
Under a spell you ‘re hypnotized (oh) 
&gt; Em                          B
Darling how could you be so blind (snap out of it) 
 
Chorus:
&gt; C
I wanna grab both your shoulders and shake baby 
&gt;Em          G   
Snap out of it (Snap out of it) 
&gt; C
I get the feeling I left it too late, but baby 
&gt; Em          G
Snap out of it (Snap out of it) 
&gt; C                                           
If that watch don't continue to swing or the  
&gt; Em               G                      C
fat lady fancies having a sing, I'll be here 
waiting ever so patiently for you to 
&gt; B      A     G    F#m   Em
  Snap   out   of    it

</track>
      <track id="Teddy Picker">&gt;Intro: Am Am E Am
 
&gt;  Am                 
Despair to the point till they provoke
&gt;    Am                      
The punchline before they have told the joke
&gt;    Am               
The sheer desperation to be seen
&gt; Am                
Staring at the television screen

&gt;  Am                     
Despair to the point where they provoke
&gt;                  Am                      
You to tell the fucking punchline before you have told the joke
&gt;Am                 
Sorry sunshine it doesn't exist
&gt;   Am              
It wasn't in the top 100 list

&gt;          F                E
And it's the thousandth time and it's even bolder,
&gt;Am
Don't be surprised when you get bent over,
&gt;F       E                  D# 
He told ya, that you were gagging for it

&gt;   Am                      
She saw it and she grabbed it and it wasn't what it seemed
&gt;   Am                   
The kids all dream of making it, whatever that means
&gt; Am                
Another variation on a theme
&gt;           Am               
&gt;A tangle on the television and the magazine
&gt;    Am                   
D'you reckon that they Do it for a joke?
&gt;    Am                      
D'you reckon that they make 'em take an oath?
&gt;           Am   
That says "we are defenders
&gt;   Am              Am         
Of any poseur or professional pretender around"

&gt;          F           E
When did your list replace the twist and turn?
&gt;     Am
Ah the fist, replaced the kissed-on concern
&gt;F                            E
And if you're bothered, I don't want your prayers

Save it for the morning after

&gt;Solo: Am

&gt;         F                E
And it's the thousandth time and it's even bolder,
&gt;Am
Don't be surprised when you get bent over,
&gt;F        E                  Am
He told ya, that you were gagging for it

&gt;F                
Lets have a game on the Teddy Picker
&gt;E
Not quick enough can I have it quicker?
&gt;Am                          Am
Already thick and you're getting thicker
&gt;F
Lets have a game on the Teddy Picker
&gt;E
Not quick enough can I have it quicker?
&gt;Am                          D#
Already thick and you're getting thicker
&gt;Am        
Asuming that all things are equal,
&gt;Am                      E
Who'd want to be men of the people
&gt;E                   Am
When there's people like you?

</track>
      <track id="Too Much To Ask"> e | --------------------------------1----8-------------------------------- | 
 Bb| --------------------------------3----10------------------------------- | 
&gt; G | --------0------------------0----2----9-------------------------------- | 
&gt; D | ----2-------2/5-4-------1-----0--------------------------------------- | 
&gt; A | -------------------6/2-------------0---------------------------------- | 
&gt; E | --0---0--------------------------------------------------------------- | 
 
Verse 1:  
&gt;       Em                         Bb7  
The smiles as she walked in the room 
&gt;       Dm                            Am  
have all turned into frowns am I too quick to assume 
&gt;          Em                      Bb7  
that the love is no longer in bloom 
&gt;        Dm                            Am  
The tantrums and the tears play a very different tunes to what they
&gt;  Em                  Bb7  
did before Their heads red raw 
&gt;          Dm                               Am  
And the ending doesn't sound like the happiest around When you 
&gt;  Em                 Bb7                        Dm  
sobbed before it felt much more like the product of the squabble 
&gt;  Am  
Now there's reason for it to be something more 
 
Chorus:  
&gt;   Am  
And there would be 
&gt;                                        G  
Oh its uncertain whether the curtain has shut for good She 
&gt;                                                            Am  
said "see if it's still raining but I'm not dressed for it, and  
if you loved me..." 
&gt;                                          Bb7  
And I interrupt to receive the scowl and stare
But still decided to stop her there  
 
Verse 2: (Turner sings as he plays the riff) 
 
Would it be too outrageous to say 
We're either shouting or we're shagging locked 
in tempestuous phase 
At least that's how we felt yesterday 
The eyes are getting heavier and whether you're sleep or ... 
 
e|------7---------------7---------10-------------------------------7--------| 
B|----8---8-10---8----8---8-10s12-------10-12-13-12-10----8---8-10---8------| 
G|--9----------9----8----------------10----------------10---9---------------| 
D|--------------------------------------------------------------------------| 
A|--------------------------------------------------------------------------| 
E|--------------------------------------------------------------------------| 
 
e|------7---------------7---------10----------------------------------------| 
B|----8---8-10---8----8---8-10s12-------10-12-13-12-10----10--10--7---------| 
G|--9----------9----8----------------10----------------10-----11--8---------| 
D|------------------------------------------------------------12--9---------| 
A|--------------------------------------------------------------------------| 
E|--------------------------------------------------------------------------| 
 
Chorus: 
&gt;      Am  
... awake is a mistery 
&gt;                             G  
Would a kiss be too much to ask 
&gt;                                                            Am  
When you fit me as sunday's frozen pitch fits the thermos flask 
It's a pity 
&gt;                            Bb7  
It just hit me we can't go back 
To the chest touching on the back
 
Outro: 
 e  | ---------0------- | 
&gt; Bb | ---------0------- | 
&gt; G  | ---------0------- | 
&gt; D  | ---------2------- | 
&gt; A  | ---------2------- | 
&gt; E  | ----3-2--0------- |

</track>
      <track id="When The Sun Goes Down">&gt;B                Eb7
  So who's that girl there?
&gt;E/D#
  I wonder what went wrong
&gt;         Ebm
So that she had to roam the streets
&gt;    E/D#
She don't Do major credit cards
&gt;   Ebm
I doubt she does receipts
&gt;              C#m     C#m F# E Ebm C#m Ebm
It's all not quite legitimate

&gt;B            Eb7
  And what a scummy man
&gt;   E/D#
Just give him half a chance
&gt;         Ebm
I bet he'll rob you if he can
&gt;  E/D#
Can see it in his eyes, yeah
&gt;      Ebm
That he's got a driving ban
&gt;            C#m      C#m F# E Ebm C#m Ebm
Amongst some other offences

&gt;Abm               Ebm
  And I've seen him with girls of the night
&gt;  Abm              Ebm
And he told Roxanne to put on her red light
&gt;Abm                Ebm
  They're all infected but he'll be alright
&gt;       C#m     Ebm        E F# (start strumming on this line)
Cause he's a scumbag, don't you know
&gt;                     Bm
I said he's a scumbag, don't you know!

&gt;G F# (v2) Bm - repeat a few times (only really play bottom 2 strings)

Riff
e-------------|
B-------------|
G-------------|
D---------024-|
A-------22----|
E--33222------| repeat 5 times

&gt;G F# (v2) Bm

   (bass)
Although you're trying not to listen
I bet your eyes are staring at the ground
She makes a subtle proposition
Sorry love I'll have to turn you down

&gt;G F# Bm (palm muted through verse)

And oh he must be up to something
Want half a chance to show he's more than likely
I've got a feeling in my stomach
I start to wonder what his story might be
What his story might be

&gt; Em       F#m          Bm
They said it changes when the sun goes down
&gt; Em       F#m          Bm
And they said it changes when the sun goes down
&gt; Em       F#m          Bm
And they said it changes when the sun goes down
&gt; Em       F#m          Bm
Around here
&gt; A     F#m
Around

riff (guitar 1)
&gt;G F# (v2) Bm (guitar 2)

And look here comes a Ford Mondeo
Isn't he Mister Inconspicuous
And he don't have to say 'owt
She understands she's here to get picked up
And she's delighted when she sees him
Pulling in and giving her the eye
Because she must be fucking freezing
Scantily clad beneath the clear night sky
She don't stop in the winter, no and...

&gt; Em       F#m          Bm
They said it changes when the sun goes down
&gt; Em       F#m          Bm
And they said it changes when the sun goes down
&gt; Em       F#m          Bm
And they said it changes when the sun goes down
&gt; Em       F#m          Bm
Around here
&gt; Em       F#m          Bm
They said it changes when the sun goes down
&gt; Em       F#m          Bm
And they said it changes when the sun goes down
&gt; Em       F#m          Bm
And they said it changes when the sun goes down
&gt; Em       F#m          Bm
Around here
&gt;A     F#m
Around here

&gt;B          Eb7
What a scummy man
&gt;E/D#
Just give him half a chance
&gt;       Ebm
I bet he'll rob you if he can
&gt;  E/D#                      Ebm
Can see it in his eyes that he's got a nasty plan
&gt;         C#m     Ebm        E F#
I hope you're not involved at all

&gt;(not too sure what is here, mess about in Bb)

&gt;Finish on B   

</track>
    </artist>
  </add>
</chords>